date,terminal,volume_bbl,total_liquids_mbbl
2020-01-01,ABO,593307.0,0.593307
2020-02-01,ABO,540331.0,0.540331
2020-03-01,ABO,564049.0,0.564049
2020-04-01,ABO,532165.0,0.532165
2020-05-01,ABO,477785.0,0.477785
2020-06-01,ABO,474513.0,0.474513
2020-07-01,ABO,477855.0,0.477855
2020-08-01,ABO,470493.0,0.470493
2020-09-01,ABO,458406.0,0.458406
2020-10-01,ABO,469321.0,0.469321
2020-11-01,ABO,483224.0,0.483224
2020-12-01,ABO,251736.0,0.251736
2021-01-01,ABO,276023.0,0.276023
2021-02-01,ABO,224277.0,0.224277
2021-03-01,ABO,615909.0,0.615909
2021-04-01,ABO,569827.0,0.569827
2021-05-01,ABO,589208.0,0.589208
2021-06-01,ABO,547824.0,0.547824
2021-07-01,ABO,653257.0,0.653257
2021-08-01,ABO,616248.0,0.616248
2021-09-01,ABO,553437.0,0.553437
2021-10-01,ABO,471946.0,0.471946
2021-11-01,ABO,494327.0,0.494327
2021-12-01,ABO,394122.0,0.394122
2022-01-01,ABO,433685.0,0.433685
2022-02-01,ABO,450037.0,0.450037
2022-03-01,ABO,457698.0,0.457698
2022-04-01,ABO,304459.0,0.304459
2022-05-01,ABO,478996.0,0.478996
2022-06-01,ABO,425539.0,0.425539
2022-07-01,ABO,435458.0,0.435458
2022-08-01,ABO,439667.0,0.439667
2022-09-01,ABO,424106.0,0.424106
2022-10-01,ABO,426786.0,0.426786
2022-11-01,ABO,350193.0,0.350193
2022-12-01,ABO,355435.0,0.355435
2023-01-01,ABO,348350.0,0.34835
2023-02-01,ABO,309841.0,0.309841
2023-03-01,ABO,336081.0,0.336081
2023-04-01,ABO,77798.0,0.077798
2023-07-01,ABO,7.0,7e-06
2023-08-01,ABO,76092.0,0.076092
2023-09-01,ABO,421191.0,0.421191
2023-10-01,ABO,318356.0,0.318356
2023-11-01,ABO,350248.0,0.350248
2023-12-01,ABO,364336.0,0.364336
2024-01-01,ABO,343221.0,0.343221
2024-02-01,ABO,308835.0,0.308835
2024-03-01,ABO,323697.0,0.323697
2024-04-01,ABO,310860.0,0.31086
2024-05-01,ABO,311959.0,0.311959
2024-06-01,ABO,317353.0,0.317353
2024-07-01,ABO,343329.0,0.343329
2024-08-01,ABO,367287.0,0.367287
2024-09-01,ABO,360610.0,0.36061
2024-10-01,ABO,364682.0,0.364682
2024-11-01,ABO,346187.0,0.346187
2024-12-01,ABO,372378.0,0.372378
2025-01-01,ABO,381476.0,0.381476
2025-02-01,ABO,340525.0,0.340525
2025-03-01,ABO,373638.0,0.373638
2025-04-01,ABO,356982.0,0.356982
2025-05-01,ABO,368695.0,0.368695
2025-06-01,ABO,338918.0,0.338918
2025-07-01,ABO,364306.0,0.364306
2025-08-01,ABO,379200.0,0.3792
2025-09-01,ABO,365377.0,0.365377
2025-10-01,ABO,380296.0,0.380296
2025-11-01,ABO,340317.0,0.340317
2025-12-01,ABO,338097.0,0.338097
2026-01-01,ABO,269584.0,0.269584
2026-02-01,ABO,249289.0,0.249289
2026-03-01,ABO,256445.0,0.256445
2026-04-01,ABO,236137.0,0.236137
2020-01-01,AGBAMI,4906732.0,4.906732
2020-02-01,AGBAMI,4585683.0,4.585683
2020-03-01,AGBAMI,4813313.0,4.813313
2020-04-01,AGBAMI,4473036.0,4.473036
2020-05-01,AGBAMI,4007356.0,4.007356
2020-06-01,AGBAMI,4442287.0,4.442287
2020-07-01,AGBAMI,4514215.0,4.514215
2020-08-01,AGBAMI,4472719.0,4.472719
2020-09-01,AGBAMI,4054915.0,4.054915
2020-10-01,AGBAMI,3951128.0,3.951128
2020-11-01,AGBAMI,3913292.0,3.913292
2020-12-01,AGBAMI,4315655.0,4.315655
2021-01-01,AGBAMI,4110651.0,4.110651
2021-02-01,AGBAMI,3716031.0,3.716031
2021-03-01,AGBAMI,4006018.0,4.006018
2021-04-01,AGBAMI,3742688.0,3.742688
2021-05-01,AGBAMI,3958343.0,3.958343
2021-06-01,AGBAMI,3464876.0,3.464876
2021-07-01,AGBAMI,3856887.0,3.856887
2021-08-01,AGBAMI,3776988.0,3.776988
2021-09-01,AGBAMI,3634973.0,3.634973
2021-10-01,AGBAMI,3623028.0,3.623028
2021-11-01,AGBAMI,3248698.0,3.248698
2021-12-01,AGBAMI,3452549.0,3.452549
2022-01-01,AGBAMI,3595872.0,3.595872
2022-02-01,AGBAMI,3082309.0,3.082309
2022-03-01,AGBAMI,3520828.0,3.520828
2022-04-01,AGBAMI,3310253.0,3.310253
2022-05-01,AGBAMI,3267056.0,3.267056
2022-06-01,AGBAMI,3184361.0,3.184361
2022-07-01,AGBAMI,3269444.0,3.269444
2022-08-01,AGBAMI,3210045.0,3.210045
2022-09-01,AGBAMI,3074713.0,3.074713
2022-10-01,AGBAMI,3216220.0,3.21622
2022-11-01,AGBAMI,3119822.0,3.119822
2022-12-01,AGBAMI,1205948.0,1.205948
2023-01-01,AGBAMI,3145665.0,3.145665
2023-02-01,AGBAMI,2892072.0,2.892072
2023-03-01,AGBAMI,3175426.0,3.175426
2023-04-01,AGBAMI,2980272.0,2.980272
2023-05-01,AGBAMI,3118978.0,3.118978
2023-06-01,AGBAMI,2710314.0,2.710314
2023-07-01,AGBAMI,3025071.0,3.025071
2023-08-01,AGBAMI,3125994.0,3.125994
2023-09-01,AGBAMI,2778372.0,2.778372
2023-10-01,AGBAMI,2908744.0,2.908744
2023-11-01,AGBAMI,2885846.0,2.885846
2023-12-01,AGBAMI,2930173.0,2.930173
2024-01-01,AGBAMI,2939947.0,2.939947
2024-02-01,AGBAMI,2842766.0,2.842766
2024-03-01,AGBAMI,3006372.0,3.006372
2024-04-01,AGBAMI,2798586.0,2.798586
2024-05-01,AGBAMI,2644292.0,2.644292
2024-06-01,AGBAMI,2768326.0,2.768326
2024-07-01,AGBAMI,2874292.0,2.874292
2024-08-01,AGBAMI,2689634.0,2.689634
2024-09-01,AGBAMI,2757372.0,2.757372
2024-10-01,AGBAMI,2705924.0,2.705924
2024-11-01,AGBAMI,2640895.0,2.640895
2024-12-01,AGBAMI,2116536.0,2.116536
2025-01-01,AGBAMI,2187786.0,2.187786
2025-02-01,AGBAMI,2332663.0,2.332663
2025-03-01,AGBAMI,2519840.0,2.51984
2025-04-01,AGBAMI,2443595.0,2.443595
2025-05-01,AGBAMI,2627017.0,2.627017
2025-06-01,AGBAMI,2242270.0,2.24227
2025-07-01,AGBAMI,2516272.0,2.516272
2025-08-01,AGBAMI,2565335.0,2.565335
2025-09-01,AGBAMI,2343546.0,2.343546
2025-10-01,AGBAMI,2458164.0,2.458164
2025-11-01,AGBAMI,1472570.0,1.47257
2025-12-01,AGBAMI,362617.0,0.362617
2026-01-01,AGBAMI,1680164.0,1.680164
2026-02-01,AGBAMI,1778871.0,1.778871
2026-03-01,AGBAMI,2099846.0,2.099846
2026-04-01,AGBAMI,2012851.0,2.012851
2020-01-01,AJAPA,59540.0,0.05954
2020-02-01,AJAPA,20822.0,0.020822
2020-03-01,AJAPA,10126.0,0.010126
2020-04-01,AJAPA,63167.0,0.063167
2020-05-01,AJAPA,53925.0,0.053925
2020-06-01,AJAPA,32183.0,0.032183
2020-07-01,AJAPA,66587.0,0.066587
2020-08-01,AJAPA,63456.0,0.063456
2020-09-01,AJAPA,64384.0,0.064384
2020-10-01,AJAPA,66240.0,0.06624
2020-11-01,AJAPA,32613.0,0.032613
2020-12-01,AJAPA,63307.0,0.063307
2021-01-01,AJAPA,50375.0,0.050375
2021-02-01,AJAPA,55727.0,0.055727
2021-03-01,AJAPA,46510.0,0.04651
2021-04-01,AJAPA,40301.0,0.040301
2021-05-01,AJAPA,48801.0,0.048801
2021-06-01,AJAPA,27717.0,0.027717
2021-07-01,AJAPA,27332.0,0.027332
2021-08-01,AJAPA,38112.0,0.038112
2021-09-01,AJAPA,16171.0,0.016171
2021-10-01,AJAPA,32549.0,0.032549
2021-11-01,AJAPA,21257.0,0.021257
2021-12-01,AJAPA,26925.0,0.026925
2022-01-01,AJAPA,21257.0,0.021257
2022-02-01,AJAPA,30160.0,0.03016
2022-03-01,AJAPA,27715.0,0.027715
2022-04-01,AJAPA,29321.0,0.029321
2022-07-01,AJAPA,18042.0,0.018042
2022-08-01,AJAPA,20300.0,0.0203
2022-09-01,AJAPA,17176.0,0.017176
2022-10-01,AJAPA,21842.0,0.021842
2022-11-01,AJAPA,16060.0,0.01606
2022-12-01,AJAPA,20979.0,0.020979
2023-01-01,AJAPA,73938.0,0.073938
2023-02-01,AJAPA,48917.0,0.048917
2023-03-01,AJAPA,137225.0,0.137225
2023-04-01,AJAPA,57679.0,0.057679
2023-05-01,AJAPA,46650.0,0.04665
2023-06-01,AJAPA,27878.0,0.027878
2023-08-01,AJAPA,40500.0,0.0405
2023-09-01,AJAPA,5927.0,0.005927
2023-10-01,AJAPA,3016.0,0.003016
2023-11-01,AJAPA,10897.0,0.010897
2023-12-01,AJAPA,41606.0,0.041606
2024-01-01,AJAPA,64543.3,0.0645433
2024-02-01,AJAPA,92586.0,0.092586
2024-03-01,AJAPA,67631.1,0.0676311
2024-04-01,AJAPA,61208.6,0.0612086
2024-05-01,AJAPA,62645.6,0.0626456
2024-06-01,AJAPA,40296.5,0.0402965
2024-07-01,AJAPA,56911.1,0.0569111
2024-08-01,AJAPA,64920.7,0.0649207
2024-09-01,AJAPA,45252.0,0.045252
2024-10-01,AJAPA,49958.0,0.049958
2024-11-01,AJAPA,58846.0,0.058846
2024-12-01,AJAPA,52704.0,0.052704
2025-01-01,AJAPA,120796.0,0.120796
2025-02-01,AJAPA,40447.0,0.040447
2025-03-01,AJAPA,26327.0,0.026327
2025-04-01,AJAPA,28623.0,0.028623
2025-05-01,AJAPA,82996.0,0.082996
2025-06-01,AJAPA,37631.0,0.037631
2025-07-01,AJAPA,38156.0,0.038156
2025-09-01,AJAPA,77500.0,0.0775
2025-10-01,AJAPA,76666.0,0.076666
2025-11-01,AJAPA,77345.0,0.077345
2025-12-01,AJAPA,117361.0,0.117361
2026-01-01,AJAPA,117301.0,0.117301
2026-02-01,AJAPA,84561.0,0.084561
2026-03-01,AJAPA,64717.0,0.064717
2026-04-01,AJAPA,78984.0,0.078984
2020-01-01,AJE,58330.0,0.05833
2020-02-01,AJE,66293.0,0.066293
2020-03-01,AJE,69383.0,0.069383
2020-04-01,AJE,127431.0,0.127431
2020-05-01,AJE,64296.0,0.064296
2020-06-01,AJE,57639.0,0.057639
2020-07-01,AJE,69412.0,0.069412
2020-08-01,AJE,56360.0,0.05636
2020-09-01,AJE,50439.0,0.050439
2020-10-01,AJE,42441.0,0.042441
2020-11-01,AJE,41658.0,0.041658
2020-12-01,AJE,44538.0,0.044538
2021-01-01,AJE,44429.0,0.044429
2021-02-01,AJE,38363.0,0.038363
2021-03-01,AJE,42115.0,0.042115
2021-04-01,AJE,44243.0,0.044243
2021-05-01,AJE,39806.0,0.039806
2021-06-01,AJE,37872.0,0.037872
2021-07-01,AJE,38866.0,0.038866
2021-08-01,AJE,38810.0,0.03881
2021-09-01,AJE,44051.0,0.044051
2021-10-01,AJE,37602.0,0.037602
2021-11-01,AJE,1196.0,0.001196
2020-01-01,AKPO,3100072.0,3.100072
2020-02-01,AKPO,2866461.0,2.866461
2020-03-01,AKPO,3032866.0,3.032866
2020-04-01,AKPO,2833671.0,2.833671
2020-05-01,AKPO,3030827.0,3.030827
2020-06-01,AKPO,2889518.0,2.889518
2020-07-01,AKPO,3049214.0,3.049214
2020-08-01,AKPO,3081016.0,3.081016
2020-09-01,AKPO,2839053.0,2.839053
2020-10-01,AKPO,2943985.0,2.943985
2020-11-01,AKPO,2860368.0,2.860368
2020-12-01,AKPO,3076909.0,3.076909
2021-01-01,AKPO,3041403.0,3.041403
2021-02-01,AKPO,2518196.0,2.518196
2021-03-01,AKPO,2751784.0,2.751784
2021-04-01,AKPO,2818550.0,2.81855
2021-05-01,AKPO,2599618.0,2.599618
2021-06-01,AKPO,2759360.0,2.75936
2021-07-01,AKPO,2503941.0,2.503941
2021-08-01,AKPO,2535168.0,2.535168
2021-09-01,AKPO,2451972.0,2.451972
2021-10-01,AKPO,2629931.0,2.629931
2021-11-01,AKPO,2316585.0,2.316585
2021-12-01,AKPO,2674107.0,2.674107
2022-01-01,AKPO,2639867.0,2.639867
2022-02-01,AKPO,2094179.0,2.094179
2022-03-01,AKPO,2237711.0,2.237711
2022-04-01,AKPO,2354039.0,2.354039
2022-05-01,AKPO,2510658.0,2.510658
2022-06-01,AKPO,2466647.0,2.466647
2022-07-01,AKPO,2512634.0,2.512634
2022-08-01,AKPO,2107037.0,2.107037
2022-09-01,AKPO,2117687.0,2.117687
2022-10-01,AKPO,2247362.0,2.247362
2022-11-01,AKPO,2195415.0,2.195415
2022-12-01,AKPO,2476504.0,2.476504
2023-01-01,AKPO,2349005.0,2.349005
2023-02-01,AKPO,2141857.0,2.141857
2023-03-01,AKPO,2259872.0,2.259872
2023-04-01,AKPO,2096290.0,2.09629
2023-05-01,AKPO,2059669.0,2.059669
2023-06-01,AKPO,2253776.0,2.253776
2023-07-01,AKPO,2055689.0,2.055689
2023-08-01,AKPO,2283199.0,2.283199
2023-09-01,AKPO,2181558.0,2.181558
2023-10-01,AKPO,1850987.0,1.850987
2023-11-01,AKPO,1819869.0,1.819869
2023-12-01,AKPO,1865929.0,1.865929
2024-01-01,AKPO,1664866.0,1.664866
2024-02-01,AKPO,1530025.0,1.530025
2024-03-01,AKPO,1097985.0,1.097985
2024-04-01,AKPO,171015.0,0.171015
2024-05-01,AKPO,1846476.0,1.846476
2024-06-01,AKPO,1883331.0,1.883331
2024-07-01,AKPO,2072037.0,2.072037
2024-08-01,AKPO,2101571.0,2.101571
2024-09-01,AKPO,1854178.0,1.854178
2024-10-01,AKPO,1977989.0,1.977989
2024-11-01,AKPO,1820724.0,1.820724
2024-12-01,AKPO,1745986.0,1.745986
2025-01-01,AKPO,1809868.0,1.809868
2025-02-01,AKPO,1589595.0,1.589595
2025-03-01,AKPO,1761716.0,1.761716
2025-04-01,AKPO,1535388.0,1.535388
2025-05-01,AKPO,1653239.0,1.653239
2025-06-01,AKPO,1393175.0,1.393175
2025-07-01,AKPO,1565279.0,1.565279
2025-08-01,AKPO,1440640.0,1.44064
2025-09-01,AKPO,1635293.0,1.635293
2025-10-01,AKPO,1688515.0,1.688515
2025-11-01,AKPO,1277166.0,1.277166
2025-12-01,AKPO,1530631.0,1.530631
2026-01-01,AKPO,1553419.0,1.553419
2026-02-01,AKPO,1305498.0,1.305498
2026-03-01,AKPO,1288584.0,1.288584
2026-04-01,AKPO,1341251.0,1.341251
2020-01-01,ANTAN,572634.0,0.572634
2020-02-01,ANTAN,545797.0,0.545797
2020-03-01,ANTAN,562034.0,0.562034
2020-04-01,ANTAN,526343.0,0.526343
2020-05-01,ANTAN,515089.0,0.515089
2020-06-01,ANTAN,548377.0,0.548377
2020-07-01,ANTAN,520134.0,0.520134
2020-08-01,ANTAN,489157.0,0.489157
2020-09-01,ANTAN,431580.0,0.43158
2020-10-01,ANTAN,483447.0,0.483447
2020-11-01,ANTAN,473841.0,0.473841
2020-12-01,ANTAN,503570.0,0.50357
2021-01-01,ANTAN,498693.0,0.498693
2021-02-01,ANTAN,477635.0,0.477635
2021-03-01,ANTAN,513685.0,0.513685
2021-04-01,ANTAN,483758.0,0.483758
2021-05-01,ANTAN,476839.0,0.476839
2021-06-01,ANTAN,488765.0,0.488765
2021-07-01,ANTAN,369563.0,0.369563
2021-08-01,ANTAN,440722.0,0.440722
2021-09-01,ANTAN,418023.0,0.418023
2021-10-01,ANTAN,500313.0,0.500313
2021-11-01,ANTAN,463230.0,0.46323
2021-12-01,ANTAN,446262.0,0.446262
2022-01-01,ANTAN,471742.0,0.471742
2022-02-01,ANTAN,440628.0,0.440628
2022-03-01,ANTAN,444493.0,0.444493
2022-04-01,ANTAN,457867.0,0.457867
2022-05-01,ANTAN,476620.0,0.47662
2022-06-01,ANTAN,515267.0,0.515267
2022-07-01,ANTAN,593525.0,0.593525
2022-08-01,ANTAN,602193.0,0.602193
2022-09-01,ANTAN,490610.0,0.49061
2022-10-01,ANTAN,370655.0,0.370655
2022-11-01,ANTAN,411956.0,0.411956
2022-12-01,ANTAN,424338.0,0.424338
2023-01-01,ANTAN,482616.0,0.482616
2023-02-01,ANTAN,398682.0,0.398682
2023-03-01,ANTAN,411086.0,0.411086
2023-04-01,ANTAN,347931.0,0.347931
2023-05-01,ANTAN,308290.0,0.30829
2023-06-01,ANTAN,355514.0,0.355514
2023-07-01,ANTAN,330159.0,0.330159
2023-08-01,ANTAN,372308.0,0.372308
2023-09-01,ANTAN,337485.0,0.337485
2023-10-01,ANTAN,381480.0,0.38148
2023-11-01,ANTAN,399567.0,0.399567
2023-12-01,ANTAN,390440.0,0.39044
2024-01-01,ANTAN,348555.0,0.348555
2024-02-01,ANTAN,339797.0,0.339797
2024-03-01,ANTAN,351219.0,0.351219
2024-04-01,ANTAN,316850.0,0.31685
2024-05-01,ANTAN,347468.0,0.347468
2024-06-01,ANTAN,338999.0,0.338999
2024-07-01,ANTAN,326256.0,0.326256
2024-08-01,ANTAN,301796.0,0.301796
2024-09-01,ANTAN,282378.0,0.282378
2024-10-01,ANTAN,322482.0,0.322482
2024-11-01,ANTAN,262803.0,0.262803
2024-12-01,ANTAN,317201.0,0.317201
2025-01-01,ANTAN,264704.0,0.264704
2025-02-01,ANTAN,233546.0,0.233546
2025-03-01,ANTAN,257473.0,0.257473
2025-04-01,ANTAN,167148.0,0.167148
2025-05-01,ANTAN,177763.0,0.177763
2025-06-01,ANTAN,198236.0,0.198236
2025-07-01,ANTAN,161708.0,0.161708
2025-08-01,ANTAN,151628.0,0.151628
2025-09-01,ANTAN,145910.0,0.14591
2025-10-01,ANTAN,167509.0,0.167509
2025-11-01,ANTAN,29839.0,0.029839
2025-12-01,ANTAN,136740.0,0.13674
2026-01-01,ANTAN,150595.0,0.150595
2026-02-01,ANTAN,143997.0,0.143997
2026-03-01,ANTAN,183073.0,0.183073
2026-04-01,ANTAN,226969.0,0.226969
2020-10-01,ANYALA MADU (CJ Blend),83180.0,0.08318
2020-11-01,ANYALA MADU (CJ Blend),301651.0,0.301651
2020-12-01,ANYALA MADU (CJ Blend),337217.0,0.337217
2021-01-01,ANYALA MADU (CJ Blend),329134.0,0.329134
2021-02-01,ANYALA MADU (CJ Blend),405051.0,0.405051
2021-03-01,ANYALA MADU (CJ Blend),686773.0,0.686773
2021-04-01,ANYALA MADU (CJ Blend),926747.0,0.926747
2021-05-01,ANYALA MADU (CJ Blend),1046870.0,1.04687
2021-06-01,ANYALA MADU (CJ Blend),909461.0,0.909461
2021-07-01,ANYALA MADU (CJ Blend),1074960.0,1.07496
2021-08-01,ANYALA MADU (CJ Blend),984846.0,0.984846
2021-09-01,ANYALA MADU (CJ Blend),959460.0,0.95946
2021-10-01,ANYALA MADU (CJ Blend),1236645.0,1.236645
2021-11-01,ANYALA MADU (CJ Blend),1190189.0,1.190189
2021-12-01,ANYALA MADU (CJ Blend),1035335.0,1.035335
2022-01-01,ANYALA MADU (CJ Blend),1293203.0,1.293203
2022-02-01,ANYALA MADU (CJ Blend),1184526.0,1.184526
2022-03-01,ANYALA MADU (CJ Blend),1348674.0,1.348674
2022-04-01,ANYALA MADU (CJ Blend),1215099.0,1.215099
2022-05-01,ANYALA MADU (CJ Blend),1348109.0,1.348109
2022-06-01,ANYALA MADU (CJ Blend),1306317.0,1.306317
2022-07-01,ANYALA MADU (CJ Blend),1284636.0,1.284636
2022-08-01,ANYALA MADU (CJ Blend),1227764.0,1.227764
2022-09-01,ANYALA MADU (CJ Blend),1286366.0,1.286366
2022-10-01,ANYALA MADU (CJ Blend),1304739.0,1.304739
2022-11-01,ANYALA MADU (CJ Blend),1248715.0,1.248715
2022-12-01,ANYALA MADU (CJ Blend),1368479.0,1.368479
2023-01-01,ANYALA MADU (CJ Blend),1345599.0,1.345599
2023-02-01,ANYALA MADU (CJ Blend),1244335.0,1.244335
2023-03-01,ANYALA MADU (CJ Blend),1383043.0,1.383043
2023-04-01,ANYALA MADU (CJ Blend),1066505.0,1.066505
2023-05-01,ANYALA MADU (CJ Blend),925650.0,0.92565
2023-06-01,ANYALA MADU (CJ Blend),1301599.0,1.301599
2023-07-01,ANYALA MADU (CJ Blend),1381639.0,1.381639
2023-08-01,ANYALA MADU (CJ Blend),1364711.0,1.364711
2023-09-01,ANYALA MADU (CJ Blend),1331405.0,1.331405
2023-10-01,ANYALA MADU (CJ Blend),1326431.0,1.326431
2023-11-01,ANYALA MADU (CJ Blend),1259492.0,1.259492
2023-12-01,ANYALA MADU (CJ Blend),1209893.0,1.209893
2024-01-01,ANYALA MADU (CJ Blend),1146593.0,1.146593
2024-02-01,ANYALA MADU (CJ Blend),1127530.0,1.12753
2024-03-01,ANYALA MADU (CJ Blend),1099253.0,1.099253
2024-04-01,ANYALA MADU (CJ Blend),1171240.0,1.17124
2024-05-01,ANYALA MADU (CJ Blend),1535090.0,1.53509
2024-06-01,ANYALA MADU (CJ Blend),1185654.0,1.185654
2024-07-01,ANYALA MADU (CJ Blend),1661520.0,1.66152
2024-08-01,ANYALA MADU (CJ Blend),1619353.0,1.619353
2024-09-01,ANYALA MADU (CJ Blend),1683389.0,1.683389
2024-10-01,ANYALA MADU (CJ Blend),1678744.0,1.678744
2024-11-01,ANYALA MADU (CJ Blend),1577589.0,1.577589
2024-12-01,ANYALA MADU (CJ Blend),1631554.0,1.631554
2025-01-01,ANYALA MADU (CJ Blend),1534466.0,1.534466
2025-02-01,ANYALA MADU (CJ Blend),897054.0,0.897054
2025-03-01,ANYALA MADU (CJ Blend),1561722.0,1.561722
2025-04-01,ANYALA MADU (CJ Blend),1472628.0,1.472628
2025-05-01,ANYALA MADU (CJ Blend),1178584.0,1.178584
2025-06-01,ANYALA MADU (CJ Blend),1586958.0,1.586958
2025-07-01,ANYALA MADU (CJ Blend),1480409.0,1.480409
2025-08-01,ANYALA MADU (CJ Blend),1631658.0,1.631658
2025-09-01,ANYALA MADU (CJ Blend),1251366.0,1.251366
2025-10-01,ANYALA MADU (CJ Blend),1595384.0,1.595384
2025-11-01,ANYALA MADU (CJ Blend),1266216.0,1.266216
2025-12-01,ANYALA MADU (CJ Blend),1611862.0,1.611862
2026-01-01,ANYALA MADU (CJ Blend),1416765.0,1.416765
2026-02-01,ANYALA MADU (CJ Blend),410267.0,0.410267
2026-03-01,ANYALA MADU (CJ Blend),1215276.0,1.215276
2026-04-01,ANYALA MADU (CJ Blend),1808904.0,1.808904
2020-01-01,BONGA,5256020.0,5.25602
2020-02-01,BONGA,4772251.0,4.772251
2020-03-01,BONGA,4656816.0,4.656816
2020-04-01,BONGA,4516881.0,4.516881
2020-05-01,BONGA,3042038.0,3.042038
2020-06-01,BONGA,2270282.0,2.270282
2020-07-01,BONGA,3168540.0,3.16854
2020-08-01,BONGA,3179025.0,3.179025
2020-09-01,BONGA,2655215.0,2.655215
2020-10-01,BONGA,3138336.0,3.138336
2020-11-01,BONGA,2812803.0,2.812803
2020-12-01,BONGA,3538839.0,3.538839
2021-01-01,BONGA,3130842.0,3.130842
2021-02-01,BONGA,2613751.0,2.613751
2021-03-01,BONGA,3534348.0,3.534348
2021-04-01,BONGA,2915533.0,2.915533
2021-05-01,BONGA,3188023.0,3.188023
2021-06-01,BONGA,3098341.0,3.098341
2021-07-01,BONGA,3543831.0,3.543831
2021-08-01,BONGA,3503413.0,3.503413
2021-09-01,BONGA,2975790.0,2.97579
2021-10-01,BONGA,3556165.0,3.556165
2021-11-01,BONGA,3432813.0,3.432813
2021-12-01,BONGA,2859499.0,2.859499
2022-01-01,BONGA,3460075.0,3.460075
2022-02-01,BONGA,2860638.0,2.860638
2022-03-01,BONGA,2283067.0,2.283067
2022-04-01,BONGA,2874241.0,2.874241
2022-05-01,BONGA,2942847.0,2.942847
2022-06-01,BONGA,3144461.0,3.144461
2022-07-01,BONGA,2822521.0,2.822521
2022-08-01,BONGA,3134311.0,3.134311
2022-09-01,BONGA,3192789.0,3.192789
2022-10-01,BONGA,1892443.0,1.892443
2022-11-01,BONGA,2129021.0,2.129021
2022-12-01,BONGA,3185084.0,3.185084
2023-01-01,BONGA,3480675.0,3.480675
2023-02-01,BONGA,3284419.0,3.284419
2023-03-01,BONGA,3828101.0,3.828101
2023-04-01,BONGA,3716684.0,3.716684
2023-05-01,BONGA,3973141.0,3.973141
2023-06-01,BONGA,3776535.0,3.776535
2023-07-01,BONGA,3871574.0,3.871574
2023-08-01,BONGA,3955502.0,3.955502
2023-09-01,BONGA,3613655.0,3.613655
2023-10-01,BONGA,4297092.0,4.297092
2023-11-01,BONGA,3816297.0,3.816297
2023-12-01,BONGA,3934577.0,3.934577
2024-01-01,BONGA,3748506.0,3.748506
2024-02-01,BONGA,3599339.0,3.599339
2024-03-01,BONGA,2956265.0,2.956265
2024-04-01,BONGA,3555910.0,3.55591
2024-05-01,BONGA,3790062.0,3.790062
2024-06-01,BONGA,3395007.0,3.395007
2024-07-01,BONGA,3892206.0,3.892206
2024-08-01,BONGA,3917328.0,3.917328
2024-09-01,BONGA,3665508.0,3.665508
2024-10-01,BONGA,3848886.0,3.848886
2024-11-01,BONGA,4063082.0,4.063082
2024-12-01,BONGA,4538017.0,4.538017
2025-01-01,BONGA,4016863.0,4.016863
2025-02-01,BONGA,3689442.0,3.689442
2025-03-01,BONGA,3905815.0,3.905815
2025-04-01,BONGA,3692392.0,3.692392
2025-05-01,BONGA,3678389.0,3.678389
2025-06-01,BONGA,3531538.0,3.531538
2025-07-01,BONGA,3684667.0,3.684667
2025-08-01,BONGA,3454658.0,3.454658
2025-09-01,BONGA,3240435.0,3.240435
2025-10-01,BONGA,3705503.0,3.705503
2025-11-01,BONGA,3772460.0,3.77246
2025-12-01,BONGA,3800029.0,3.800029
2026-01-01,BONGA,3701453.0,3.701453
2026-02-01,BONGA,56625.0,0.056625
2026-03-01,BONGA,2851669.0,2.851669
2026-04-01,BONGA,3063742.0,3.063742
2020-01-01,BONNY,8123325.0,8.123325
2020-02-01,BONNY,8643681.173614217,8.643681173614217
2020-03-01,BONNY,9782367.48772096,9.782367487720961
2020-04-01,BONNY,8405625.0,8.405625
2020-05-01,BONNY,8321152.284945667,8.321152284945667
2020-06-01,BONNY,6842895.009979403,6.842895009979403
2020-07-01,BONNY,6286352.611577685,6.286352611577685
2020-08-01,BONNY,6237249.0,6.237249
2020-09-01,BONNY,5971336.5,5.9713365
2020-10-01,BONNY,5783002.8,5.7830028
2020-11-01,BONNY,7023892.59398761,7.02389259398761
2020-12-01,BONNY,7698348.27,7.698348269999999
2021-01-01,BONNY,8039359.925182328,8.039359925182328
2021-02-01,BONNY,6308600.0,6.3086
2021-03-01,BONNY,6235341.0,6.235341
2021-04-01,BONNY,5330718.0,5.330718
2021-05-01,BONNY,6048218.0,6.048218
2021-06-01,BONNY,5797543.886666667,5.797543886666666
2021-07-01,BONNY,4984856.0,4.984856
2021-08-01,BONNY,5966712.0,5.966712
2021-09-01,BONNY,4200211.19,4.20021119
2021-10-01,BONNY,3649760.0,3.64976
2021-11-01,BONNY,3448777.16,3.44877716
2021-12-01,BONNY,3068555.41,3.06855541
2022-01-01,BONNY,4601708.779999999,4.601708779999999
2022-02-01,BONNY,3059732.24,3.05973224
2022-03-01,BONNY,2842879.47,2.84287947
2022-04-01,BONNY,1839671.98,1.8396719799999999
2022-05-01,BONNY,1262048.25,1.26204825
2022-06-01,BONNY,1202501.19,1.20250119
2022-07-01,BONNY,939953.1699999999,0.9399531699999999
2022-08-01,BONNY,931519.11,0.93151911
2022-09-01,BONNY,213274.2,0.21327420000000002
2022-10-01,BONNY,1859776.87,1.8597768700000001
2022-11-01,BONNY,1929214.98,1.92921498
2022-12-01,BONNY,3137119.48,3.13711948
2023-01-01,BONNY,2112896.1,2.1128961
2023-02-01,BONNY,2746421.48,2.74642148
2023-03-01,BONNY,3897346.62,3.89734662
2023-04-01,BONNY,3087407.02,3.08740702
2023-05-01,BONNY,3613807.22,3.61380722
2023-06-01,BONNY,3326595.03,3.32659503
2023-07-01,BONNY,2351031.4299999997,2.35103143
2023-08-01,BONNY,3962248.98,3.96224898
2023-09-01,BONNY,4213683.0,4.213683
2023-10-01,BONNY,4563571.0,4.563571
2023-11-01,BONNY,3573539.91,3.57353991
2023-12-01,BONNY,6351981.16,6.35198116
2024-01-01,BONNY,7171441.125761173,7.171441125761173
2024-02-01,BONNY,5133149.905857066,5.133149905857065
2024-03-01,BONNY,4857525.978355815,4.857525978355815
2024-04-01,BONNY,4939674.960000001,4.9396749600000005
2024-05-01,BONNY,4392097.481879417,4.392097481879417
2024-06-01,BONNY,5003579.675497038,5.003579675497038
2024-07-01,BONNY,5793524.109999999,5.793524109999999
2024-08-01,BONNY,5895004.2700000005,5.89500427
2024-09-01,BONNY,6348190.34,6.3481903399999995
2024-10-01,BONNY,6041719.102307057,6.041719102307057
2024-11-01,BONNY,7554500.875193105,7.554500875193105
2024-12-01,BONNY,7872771.318539416,7.872771318539416
2025-01-01,BONNY,8144188.0,8.144188
2025-02-01,BONNY,6368067.0,6.368067
2025-03-01,BONNY,7651558.0,7.651558
2025-04-01,BONNY,7405486.0,7.405486
2025-05-01,BONNY,7096291.0,7.096291
2025-06-01,BONNY,7167936.0,7.167936
2025-07-01,BONNY,8075179.0,8.075179
2025-08-01,BONNY,6268468.0,6.268468
2025-09-01,BONNY,6318200.0,6.3182
2025-10-01,BONNY,7934824.0,7.934824
2025-11-01,BONNY,8171046.0,8.171046
2025-12-01,BONNY,8290796.0,8.290796
2026-01-01,BONNY,7591051.0,7.591051
2026-02-01,BONNY,7729520.0,7.72952
2026-03-01,BONNY,8424925.0,8.424925
2026-04-01,BONNY,8853077.0,8.853077
2020-01-01,BRASS,2762005.0,2.762005
2020-02-01,BRASS,2741390.0,2.74139
2020-03-01,BRASS,2797023.0000000005,2.7970230000000003
2020-04-01,BRASS,3154052.396783241,3.154052396783241
2020-05-01,BRASS,3343764.962972901,3.3437649629729007
2020-06-01,BRASS,3093041.6332763317,3.0930416332763317
2020-07-01,BRASS,3273063.0,3.273063
2020-08-01,BRASS,2903311.0,2.903311
2020-09-01,BRASS,2803149.0,2.803149
2020-10-01,BRASS,2763438.0,2.763438
2020-11-01,BRASS,2178663.893661453,2.178663893661453
2020-12-01,BRASS,1969356.1183084385,1.9693561183084385
2021-01-01,BRASS,2055658.0,2.055658
2021-02-01,BRASS,1967277.0,1.967277
2021-03-01,BRASS,1791505.0010000002,1.7915050010000002
2021-04-01,BRASS,1740411.0,1.740411
2021-05-01,BRASS,1453082.0,1.453082
2021-06-01,BRASS,1193748.0,1.193748
2021-07-01,BRASS,1205772.0,1.205772
2021-08-01,BRASS,1544977.0,1.544977
2021-09-01,BRASS,1676622.0,1.676622
2021-10-01,BRASS,1450535.0,1.450535
2021-11-01,BRASS,1316127.0,1.316127
2021-12-01,BRASS,1542549.0,1.542549
2022-01-01,BRASS,1726182.0,1.726182
2022-02-01,BRASS,1564212.0,1.564212
2022-03-01,BRASS,1265067.0,1.265067
2022-04-01,BRASS,1186153.0,1.186153
2022-05-01,BRASS,1122008.0,1.122008
2022-06-01,BRASS,924882.0,0.924882
2022-07-01,BRASS,380769.0,0.380769
2022-08-01,BRASS,329232.0,0.329232
2022-09-01,BRASS,192477.0,0.192477
2022-10-01,BRASS,381119.0,0.381119
2022-11-01,BRASS,431672.0,0.431672
2022-12-01,BRASS,626208.0,0.626208
2023-01-01,BRASS,765599.0,0.765599
2023-02-01,BRASS,1044023.0,1.044023
2023-03-01,BRASS,970470.0,0.97047
2023-04-01,BRASS,908371.0,0.908371
2023-05-01,BRASS,1195728.0,1.195728
2023-06-01,BRASS,1120057.0,1.120057
2023-07-01,BRASS,987114.0,0.987114
2023-08-01,BRASS,868654.0,0.868654
2023-09-01,BRASS,664962.0,0.664962
2023-10-01,BRASS,588640.0,0.58864
2023-11-01,BRASS,778085.0,0.778085
2023-12-01,BRASS,774783.0,0.774783
2024-01-01,BRASS,886444.0,0.886444
2024-02-01,BRASS,752872.0,0.752872
2024-03-01,BRASS,868427.5,0.8684275
2024-04-01,BRASS,778046.0,0.778046
2024-05-01,BRASS,788916.3,0.7889163
2024-06-01,BRASS,792536.0,0.792536
2024-07-01,BRASS,813530.0,0.81353
2024-08-01,BRASS,882379.0,0.882379
2024-09-01,BRASS,1086026.5,1.0860265
2024-10-01,BRASS,1051803.2135051584,1.0518032135051585
2024-11-01,BRASS,954638.4851013303,0.9546384851013303
2024-12-01,BRASS,1085961.7770596733,1.0859617770596732
2025-01-01,BRASS,1050941.0,1.050941
2025-02-01,BRASS,876028.0,0.876028
2025-03-01,BRASS,1117628.0,1.117628
2025-04-01,BRASS,747087.0,0.747087
2025-05-01,BRASS,1032739.0,1.032739
2025-06-01,BRASS,877975.0,0.877975
2025-07-01,BRASS,1115323.0,1.115323
2025-08-01,BRASS,1155585.0,1.155585
2025-09-01,BRASS,1152687.0,1.152687
2025-10-01,BRASS,1167207.0,1.167207
2025-11-01,BRASS,1207126.0,1.207126
2025-12-01,BRASS,1179197.0,1.179197
2026-01-01,BRASS,1235969.0,1.235969
2026-02-01,BRASS,1244544.0,1.244544
2026-03-01,BRASS,1378394.0,1.378394
2026-04-01,BRASS,1245046.0,1.245046
2026-01-01,CAWTHORNE,382689.0,0.382689
2026-02-01,CAWTHORNE,460588.0,0.460588
2026-03-01,CAWTHORNE,743168.0,0.743168
2026-04-01,CAWTHORNE,929055.0,0.929055
2020-01-01,EBOK,476424.0,0.476424
2020-02-01,EBOK,405782.0,0.405782
2020-03-01,EBOK,418271.0,0.418271
2020-04-01,EBOK,418650.0,0.41865
2020-05-01,EBOK,437876.0,0.437876
2020-06-01,EBOK,430667.0,0.430667
2020-07-01,EBOK,401753.0,0.401753
2020-08-01,EBOK,347230.0,0.34723
2020-09-01,EBOK,346395.0,0.346395
2020-10-01,EBOK,384422.0,0.384422
2020-11-01,EBOK,296739.0,0.296739
2020-12-01,EBOK,347583.0,0.347583
2021-01-01,EBOK,397575.0,0.397575
2021-02-01,EBOK,265640.0,0.26564
2021-03-01,EBOK,300177.0,0.300177
2021-04-01,EBOK,361846.0,0.361846
2021-05-01,EBOK,349799.0,0.349799
2021-06-01,EBOK,353681.0,0.353681
2021-07-01,EBOK,383425.0,0.383425
2021-08-01,EBOK,304301.0,0.304301
2021-09-01,EBOK,359809.0,0.359809
2021-10-01,EBOK,383271.0,0.383271
2021-11-01,EBOK,366223.0,0.366223
2021-12-01,EBOK,361678.0,0.361678
2022-01-01,EBOK,299051.0,0.299051
2022-02-01,EBOK,215073.0,0.215073
2022-03-01,EBOK,345701.0,0.345701
2022-04-01,EBOK,324380.0,0.32438
2022-05-01,EBOK,340512.0,0.340512
2022-06-01,EBOK,301301.0,0.301301
2022-07-01,EBOK,330431.0,0.330431
2022-08-01,EBOK,294952.0,0.294952
2022-09-01,EBOK,342807.0,0.342807
2022-10-01,EBOK,314550.0,0.31455
2022-11-01,EBOK,289852.0,0.289852
2022-12-01,EBOK,267901.0,0.267901
2023-01-01,EBOK,305617.0,0.305617
2023-02-01,EBOK,261598.0,0.261598
2023-03-01,EBOK,289204.0,0.289204
2023-04-01,EBOK,209017.0,0.209017
2023-05-01,EBOK,292661.0,0.292661
2023-06-01,EBOK,270584.0,0.270584
2023-07-01,EBOK,329558.0,0.329558
2023-08-01,EBOK,362944.0,0.362944
2023-09-01,EBOK,328010.0,0.32801
2023-10-01,EBOK,337921.0,0.337921
2023-11-01,EBOK,330161.0,0.330161
2023-12-01,EBOK,337241.0,0.337241
2024-01-01,EBOK,360854.0,0.360854
2024-02-01,EBOK,313325.0,0.313325
2024-03-01,EBOK,373269.0,0.373269
2024-04-01,EBOK,256863.0,0.256863
2024-05-01,EBOK,346614.0,0.346614
2024-06-01,EBOK,306143.0,0.306143
2024-07-01,EBOK,362670.0,0.36267
2024-08-01,EBOK,310976.0,0.310976
2024-09-01,EBOK,288735.0,0.288735
2024-10-01,EBOK,328394.0,0.328394
2024-11-01,EBOK,287304.0,0.287304
2024-12-01,EBOK,323281.0,0.323281
2025-01-01,EBOK,283239.0,0.283239
2025-02-01,EBOK,278452.0,0.278452
2025-03-01,EBOK,286394.0,0.286394
2025-04-01,EBOK,275731.0,0.275731
2025-05-01,EBOK,296667.0,0.296667
2025-06-01,EBOK,280451.0,0.280451
2025-07-01,EBOK,298184.0,0.298184
2025-08-01,EBOK,308011.0,0.308011
2025-09-01,EBOK,282152.0,0.282152
2025-10-01,EBOK,292223.0,0.292223
2025-11-01,EBOK,117096.0,0.117096
2025-12-01,EBOK,271376.0,0.271376
2026-01-01,EBOK,255638.0,0.255638
2026-02-01,EBOK,223221.0,0.223221
2026-03-01,EBOK,233122.0,0.233122
2026-04-01,EBOK,222558.0,0.222558
2020-01-01,EGINA,6258028.0,6.258028
2020-02-01,EGINA,5835557.0,5.835557
2020-03-01,EGINA,6242311.0,6.242311
2020-04-01,EGINA,5579805.0,5.579805
2020-05-01,EGINA,4438438.0,4.438438
2020-06-01,EGINA,3818473.0,3.818473
2020-07-01,EGINA,4273725.0,4.273725
2020-08-01,EGINA,4207861.0,4.207861
2020-09-01,EGINA,3847672.0,3.847672
2020-10-01,EGINA,4199852.0,4.199852
2020-11-01,EGINA,3837487.0,3.837487
2020-12-01,EGINA,3834812.0,3.834812
2021-01-01,EGINA,4854128.0,4.854128
2021-02-01,EGINA,4058361.0,4.058361
2021-03-01,EGINA,4750020.0,4.75002
2021-04-01,EGINA,4919733.0,4.919733
2021-05-01,EGINA,4744154.0,4.744154
2021-06-01,EGINA,5065928.0,5.065928
2021-07-01,EGINA,5171939.0,5.171939
2021-08-01,EGINA,5087746.0,5.087746
2021-09-01,EGINA,4814054.0,4.814054
2021-10-01,EGINA,4629079.0,4.629079
2021-11-01,EGINA,4648819.0,4.648819
2021-12-01,EGINA,4847827.0,4.847827
2022-01-01,EGINA,4677790.0,4.67779
2022-02-01,EGINA,4136408.0,4.136408
2022-03-01,EGINA,4503669.0,4.503669
2022-04-01,EGINA,4242795.0,4.242795
2022-05-01,EGINA,4445631.0,4.445631
2022-06-01,EGINA,4116791.0,4.116791
2022-07-01,EGINA,3875580.0,3.87558
2022-08-01,EGINA,3484854.0,3.484854
2022-09-01,EGINA,3316063.0,3.316063
2022-10-01,EGINA,3440320.0,3.44032
2022-11-01,EGINA,3406573.0,3.406573
2022-12-01,EGINA,3380045.0,3.380045
2023-01-01,EGINA,3230325.0,3.230325
2023-02-01,EGINA,2771429.0,2.771429
2023-03-01,EGINA,3041482.0,3.041482
2023-04-01,EGINA,2737981.0,2.737981
2023-05-01,EGINA,2682264.0,2.682264
2023-06-01,EGINA,2777366.0,2.777366
2023-07-01,EGINA,2959962.0,2.959962
2023-08-01,EGINA,2934081.0,2.934081
2023-09-01,EGINA,2795063.0,2.795063
2023-10-01,EGINA,2866010.0,2.86601
2023-11-01,EGINA,2321635.0,2.321635
2023-12-01,EGINA,2816597.0,2.816597
2024-01-01,EGINA,2881704.0,2.881704
2024-02-01,EGINA,2610000.0,2.61
2024-03-01,EGINA,2727454.0,2.727454
2024-04-01,EGINA,2621045.0,2.621045
2024-05-01,EGINA,2500871.0,2.500871
2024-06-01,EGINA,2450116.0,2.450116
2024-07-01,EGINA,2421372.0,2.421372
2024-08-01,EGINA,2313456.0,2.313456
2024-09-01,EGINA,2267660.0,2.26766
2024-10-01,EGINA,2264742.0,2.264742
2024-11-01,EGINA,2182648.0,2.182648
2024-12-01,EGINA,2202202.0,2.202202
2025-01-01,EGINA,2154382.0,2.154382
2025-02-01,EGINA,1865708.0,1.865708
2025-03-01,EGINA,2201323.0,2.201323
2025-04-01,EGINA,1917489.0,1.917489
2025-05-01,EGINA,1994991.0,1.994991
2025-06-01,EGINA,1877766.0,1.877766
2025-07-01,EGINA,2119176.0,2.119176
2025-08-01,EGINA,1859576.0,1.859576
2025-09-01,EGINA,1850074.0,1.850074
2025-10-01,EGINA,1731560.0,1.73156
2025-11-01,EGINA,1597919.0,1.597919
2025-12-01,EGINA,1689231.0,1.689231
2026-01-01,EGINA,1541227.0,1.541227
2026-02-01,EGINA,1506522.0,1.506522
2026-03-01,EGINA,1599683.0,1.599683
2026-04-01,EGINA,1467147.0,1.467147
2020-01-01,ERHA,2726847.0,2.726847
2020-02-01,ERHA,2702018.0,2.702018
2020-03-01,ERHA,2739428.0,2.739428
2020-04-01,ERHA,2285123.0,2.285123
2020-05-01,ERHA,2221439.7,2.2214397000000004
2020-06-01,ERHA,1642287.0,1.642287
2020-07-01,ERHA,632274.0,0.632274
2020-08-01,ERHA,1985046.0,1.985046
2020-09-01,ERHA,1546750.0,1.54675
2020-10-01,ERHA,1507902.0,1.507902
2020-11-01,ERHA,2267203.0,2.267203
2020-12-01,ERHA,1346527.0,1.346527
2021-01-01,ERHA,2205161.0,2.205161
2021-02-01,ERHA,1806980.0,1.80698
2021-03-01,ERHA,1736967.0,1.736967
2021-04-01,ERHA,2129519.0,2.129519
2021-05-01,ERHA,2163921.0,2.163921
2021-06-01,ERHA,1910445.0,1.910445
2021-07-01,ERHA,2210733.0,2.210733
2021-08-01,ERHA,2162498.0,2.162498
2021-09-01,ERHA,1448285.0,1.448285
2021-10-01,ERHA,100942.0,0.100942
2021-11-01,ERHA,1593553.0,1.593553
2021-12-01,ERHA,2128722.0,2.128722
2022-01-01,ERHA,2284286.0,2.284286
2022-02-01,ERHA,1790989.0,1.790989
2022-03-01,ERHA,2248717.0,2.248717
2022-04-01,ERHA,2067653.0,2.067653
2022-05-01,ERHA,1304272.0,1.304272
2022-06-01,ERHA,2085380.0,2.08538
2022-07-01,ERHA,2123907.0,2.123907
2022-08-01,ERHA,1979774.0,1.979774
2022-09-01,ERHA,1662039.0,1.662039
2022-10-01,ERHA,1691244.0,1.691244
2022-11-01,ERHA,1629536.0,1.629536
2022-12-01,ERHA,1104619.0,1.104619
2023-01-01,ERHA,2139371.0,2.139371
2023-02-01,ERHA,1835866.0,1.835866
2023-03-01,ERHA,2372244.0,2.372244
2023-04-01,ERHA,1042818.0,1.042818
2023-05-01,ERHA,2305702.0,2.305702
2023-06-01,ERHA,2298165.0,2.298165
2023-07-01,ERHA,1875209.0,1.875209
2023-08-01,ERHA,1967155.0,1.967155
2023-09-01,ERHA,2415226.0,2.415226
2023-10-01,ERHA,2401610.0,2.40161
2023-11-01,ERHA,1507788.0,1.507788
2023-12-01,ERHA,1285529.0,1.285529
2024-01-01,ERHA,2377755.0,2.377755
2024-02-01,ERHA,2074748.0,2.074748
2024-03-01,ERHA,1964255.0,1.964255
2024-04-01,ERHA,2007966.0,2.007966
2024-05-01,ERHA,2195944.0,2.195944
2024-06-01,ERHA,2106139.0,2.106139
2024-07-01,ERHA,1825644.0,1.825644
2024-08-01,ERHA,2007406.0,2.007406
2024-09-01,ERHA,1868247.0,1.868247
2024-10-01,ERHA,2284480.0,2.28448
2024-11-01,ERHA,1900169.0,1.900169
2024-12-01,ERHA,1686459.0,1.686459
2025-01-01,ERHA,2180775.0,2.180775
2025-02-01,ERHA,1814482.0,1.814482
2025-03-01,ERHA,2244465.0,2.244465
2025-04-01,ERHA,1853711.0,1.853711
2025-05-01,ERHA,2074660.0,2.07466
2025-06-01,ERHA,2083548.0,2.083548
2025-07-01,ERHA,2232772.0,2.232772
2025-08-01,ERHA,2280798.0,2.280798
2025-09-01,ERHA,2162424.0,2.162424
2025-10-01,ERHA,2228593.0,2.228593
2025-11-01,ERHA,1670786.0,1.670786
2025-12-01,ERHA,348698.0,0.348698
2026-01-01,ERHA,2193449.0,2.193449
2026-02-01,ERHA,1898474.0,1.898474
2026-03-01,ERHA,2187840.0,2.18784
2026-04-01,ERHA,2045221.0,2.045221
2020-01-01,ESCRAVOS,5276309.0,5.276309
2020-02-01,ESCRAVOS,4997021.0,4.997021
2020-03-01,ESCRAVOS,5437509.0,5.437509
2020-04-01,ESCRAVOS,5164346.0,5.164346
2020-05-01,ESCRAVOS,4417800.0,4.4178
2020-06-01,ESCRAVOS,3867955.0,3.867955
2020-07-01,ESCRAVOS,3890632.0,3.890632
2020-08-01,ESCRAVOS,4450519.0,4.450519
2020-09-01,ESCRAVOS,3974862.0,3.974862
2020-10-01,ESCRAVOS,4430424.0,4.430424
2020-11-01,ESCRAVOS,4578309.0,4.578309
2020-12-01,ESCRAVOS,4288506.0,4.288506
2021-01-01,ESCRAVOS,4601371.0,4.601371
2021-02-01,ESCRAVOS,4242091.0,4.242091
2021-03-01,ESCRAVOS,4443378.0,4.443378
2021-04-01,ESCRAVOS,4221080.0,4.22108
2021-05-01,ESCRAVOS,4229014.0,4.229014
2021-06-01,ESCRAVOS,4094092.0,4.094092
2021-07-01,ESCRAVOS,3849025.0,3.849025
2021-08-01,ESCRAVOS,4223481.0,4.223481
2021-09-01,ESCRAVOS,4018281.0,4.018281
2021-10-01,ESCRAVOS,4164847.0,4.164847
2021-11-01,ESCRAVOS,3821705.0,3.821705
2021-12-01,ESCRAVOS,3719131.0,3.719131
2022-01-01,ESCRAVOS,3805682.0,3.805682
2022-02-01,ESCRAVOS,3419129.0,3.419129
2022-03-01,ESCRAVOS,3553018.0,3.553018
2022-04-01,ESCRAVOS,3533817.0,3.533817
2022-05-01,ESCRAVOS,4012492.0,4.012492
2022-06-01,ESCRAVOS,3717735.0,3.717735
2022-07-01,ESCRAVOS,3787808.0,3.787808
2022-08-01,ESCRAVOS,4323298.0,4.323298
2022-09-01,ESCRAVOS,3583764.0,3.583764
2022-10-01,ESCRAVOS,4532287.0,4.532287
2022-11-01,ESCRAVOS,4834238.0,4.834238
2022-12-01,ESCRAVOS,4576441.0,4.576441
2023-01-01,ESCRAVOS,4817681.0,4.817681
2023-02-01,ESCRAVOS,4104752.0,4.104752
2023-03-01,ESCRAVOS,4484197.0,4.484197
2023-04-01,ESCRAVOS,3894342.0,3.894342
2023-05-01,ESCRAVOS,4774144.0,4.774144
2023-06-01,ESCRAVOS,4475298.0,4.475298
2023-07-01,ESCRAVOS,4866131.0,4.866131
2023-08-01,ESCRAVOS,4707842.0,4.707842
2023-09-01,ESCRAVOS,4442563.0,4.442563
2023-10-01,ESCRAVOS,4234584.0,4.234584
2023-11-01,ESCRAVOS,3890073.0,3.890073
2023-12-01,ESCRAVOS,4091693.0,4.091693
2024-01-01,ESCRAVOS,4255664.167517105,4.255664167517105
2024-02-01,ESCRAVOS,3729512.8318495452,3.7295128318495454
2024-03-01,ESCRAVOS,4124522.414700139,4.124522414700139
2024-04-01,ESCRAVOS,3931462.887737197,3.931462887737197
2024-05-01,ESCRAVOS,4213410.67,4.21341067
2024-06-01,ESCRAVOS,4081344.8199149542,4.081344819914954
2024-07-01,ESCRAVOS,4465413.8512013815,4.465413851201381
2024-08-01,ESCRAVOS,4250698.785815027,4.250698785815026
2024-09-01,ESCRAVOS,4143709.335150735,4.143709335150735
2024-10-01,ESCRAVOS,4340974.87,4.34097487
2024-11-01,ESCRAVOS,4062786.44,4.06278644
2024-12-01,ESCRAVOS,3906121.051911032,3.9061210519110316
2025-01-01,ESCRAVOS,4480428.0,4.480428
2025-02-01,ESCRAVOS,3876973.0,3.876973
2025-03-01,ESCRAVOS,4407146.0,4.407146
2025-04-01,ESCRAVOS,4302483.0,4.302483
2025-05-01,ESCRAVOS,4570345.0,4.570345
2025-06-01,ESCRAVOS,4171656.0,4.171656
2025-07-01,ESCRAVOS,4473378.0,4.473378
2025-08-01,ESCRAVOS,4187959.0,4.187959
2025-09-01,ESCRAVOS,4251381.0,4.251381
2025-10-01,ESCRAVOS,4441017.0,4.441017
2025-11-01,ESCRAVOS,4130256.0,4.130256
2025-12-01,ESCRAVOS,4181639.0,4.181639
2026-01-01,ESCRAVOS,4297628.0,4.297628
2026-02-01,ESCRAVOS,3826032.0,3.826032
2026-03-01,ESCRAVOS,4465822.0,4.465822
2026-04-01,ESCRAVOS,4128713.0,4.128713
2020-01-01,FORCADOS,8324009.833447428,8.324009833447429
2020-02-01,FORCADOS,7685625.538529828,7.685625538529828
2020-03-01,FORCADOS,7251413.0,7.251413
2020-04-01,FORCADOS,8040503.977530232,8.040503977530232
2020-05-01,FORCADOS,7437262.608196518,7.4372626081965185
2020-06-01,FORCADOS,7537172.305350895,7.537172305350895
2020-07-01,FORCADOS,6935164.574122135,6.935164574122134
2020-08-01,FORCADOS,7236803.0,7.236803
2020-09-01,FORCADOS,7919463.0,7.919463
2020-10-01,FORCADOS,8779448.0,8.779448
2020-11-01,FORCADOS,8062545.0,8.062545
2020-12-01,FORCADOS,7224297.8941747695,7.22429789417477
2021-01-01,FORCADOS,7442587.505559094,7.442587505559095
2021-02-01,FORCADOS,7135016.0,7.135016
2021-03-01,FORCADOS,8160324.0,8.160324
2021-04-01,FORCADOS,6674869.0,6.674869
2021-05-01,FORCADOS,7160822.0,7.160822
2021-06-01,FORCADOS,7218000.666666666,7.218000666666666
2021-07-01,FORCADOS,6764062.0,6.764062
2021-08-01,FORCADOS,2966525.0,2.966525
2021-09-01,FORCADOS,5514364.0,5.514364
2021-10-01,FORCADOS,6698680.0,6.69868
2021-11-01,FORCADOS,7117435.64,7.11743564
2021-12-01,FORCADOS,5368172.0,5.368172
2022-01-01,FORCADOS,8383614.0,8.383614
2022-02-01,FORCADOS,6277932.0,6.277932
2022-03-01,FORCADOS,7271184.0,7.271184
2022-04-01,FORCADOS,7844573.0,7.844573
2022-05-01,FORCADOS,5188992.0,5.188992
2022-06-01,FORCADOS,5903031.0,5.903031
2022-07-01,FORCADOS,4473519.0,4.473519
2022-08-01,FORCADOS,505982.0,0.505982
2022-09-01,FORCADOS,134437.0,0.134437
2022-10-01,FORCADOS,2591429.0,2.591429
2022-11-01,FORCADOS,6856881.0,6.856881
2022-12-01,FORCADOS,7173672.0,7.173672
2023-01-01,FORCADOS,7846993.26997278,7.84699326997278
2023-02-01,FORCADOS,7325297.07371171,7.3252970737117105
2023-03-01,FORCADOS,6602796.399999999,6.602796399999999
2023-04-01,FORCADOS,5660081.9,5.660081900000001
2023-05-01,FORCADOS,6783389.000000002,6.7833890000000014
2023-06-01,FORCADOS,7969320.499999996,7.969320499999997
2023-07-01,FORCADOS,3286735.0,3.286735
2023-08-01,FORCADOS,4452692.0,4.452692
2023-09-01,FORCADOS,8239021.0,8.239021
2023-10-01,FORCADOS,7933984.0,7.933984
2023-11-01,FORCADOS,6720296.0,6.720296
2023-12-01,FORCADOS,8367350.0,8.36735
2024-01-01,FORCADOS,8736423.2,8.736423199999999
2024-02-01,FORCADOS,7840387.387052451,7.840387387052451
2024-03-01,FORCADOS,7779459.149093309,7.779459149093309
2024-04-01,FORCADOS,7145699.0,7.145699
2024-05-01,FORCADOS,7120972.644612102,7.1209726446121016
2024-06-01,FORCADOS,7068984.089873102,7.068984089873101
2024-07-01,FORCADOS,7825847.4,7.825847400000001
2024-08-01,FORCADOS,8839947.01,8.83994701
2024-09-01,FORCADOS,7331246.89651942,7.33124689651942
2024-10-01,FORCADOS,5037575.018976113,5.037575018976113
2024-11-01,FORCADOS,8445984.755086854,8.445984755086855
2024-12-01,FORCADOS,8508625.396960478,8.508625396960479
2025-01-01,FORCADOS,8862063.0,8.862063
2025-02-01,FORCADOS,7751817.0,7.751817
2025-03-01,FORCADOS,6776256.0,6.776256
2025-04-01,FORCADOS,9357575.0,9.357575
2025-05-01,FORCADOS,8076640.0,8.07664
2025-06-01,FORCADOS,8845572.0,8.845572
2025-07-01,FORCADOS,9039815.0,9.039815
2025-08-01,FORCADOS,8999360.0,8.99936
2025-09-01,FORCADOS,7527459.0,7.527459
2025-10-01,FORCADOS,9409023.0,9.409023
2025-11-01,FORCADOS,9122493.0,9.122493
2025-12-01,FORCADOS,9284394.0,9.284394
2026-01-01,FORCADOS,8742504.0,8.742504
2026-02-01,FORCADOS,6824613.0,6.824613
2026-03-01,FORCADOS,5182901.0,5.182901
2026-04-01,FORCADOS,7354178.0,7.354178
2023-05-01,NEMBE,30056.0,0.030056
2023-06-01,NEMBE,118452.0,0.118452
2023-07-01,NEMBE,211835.0,0.211835
2023-08-01,NEMBE,562881.0,0.562881
2023-09-01,NEMBE,940336.0,0.940336
2023-10-01,NEMBE,631155.0,0.631155
2023-11-01,NEMBE,903611.0,0.903611
2023-12-01,NEMBE,895814.0,0.895814
2024-01-01,NEMBE,888760.0,0.88876
2024-02-01,NEMBE,1085429.0,1.085429
2024-03-01,NEMBE,1061497.0,1.061497
2024-04-01,NEMBE,971471.0,0.971471
2024-05-01,NEMBE,705177.0,0.705177
2024-06-01,NEMBE,836337.0,0.836337
2024-07-01,NEMBE,928117.0,0.928117
2024-08-01,NEMBE,842075.0,0.842075
2024-09-01,NEMBE,950502.0,0.950502
2024-10-01,NEMBE,1166013.0,1.166013
2024-11-01,NEMBE,877561.0,0.877561
2024-12-01,NEMBE,958016.0,0.958016
2025-01-01,NEMBE,966056.0,0.966056
2025-02-01,NEMBE,1080581.0,1.080581
2025-03-01,NEMBE,1145283.0,1.145283
2025-04-01,NEMBE,881323.0,0.881323
2025-05-01,NEMBE,1268028.0,1.268028
2025-06-01,NEMBE,1161601.0,1.161601
2025-07-01,NEMBE,1189629.0,1.189629
2025-08-01,NEMBE,1197272.0,1.197272
2025-09-01,NEMBE,1084787.0,1.084787
2025-10-01,NEMBE,955906.0,0.955906
2025-11-01,NEMBE,1212574.0,1.212574
2025-12-01,NEMBE,1119722.0,1.119722
2026-01-01,NEMBE,1272063.0,1.272063
2026-02-01,NEMBE,742882.0,0.742882
2026-03-01,NEMBE,1399326.0,1.399326
2026-04-01,NEMBE,1188184.0,1.188184
2020-01-01,ODUDU (AMENAM BLEND),2996480.0,2.99648
2020-02-01,ODUDU (AMENAM BLEND),2657861.0,2.657861
2020-03-01,ODUDU (AMENAM BLEND),2790543.0,2.790543
2020-04-01,ODUDU (AMENAM BLEND),2734276.0,2.734276
2020-05-01,ODUDU (AMENAM BLEND),2305106.0,2.305106
2020-06-01,ODUDU (AMENAM BLEND),2269621.0,2.269621
2020-07-01,ODUDU (AMENAM BLEND),2311952.0,2.311952
2020-08-01,ODUDU (AMENAM BLEND),2256703.0,2.256703
2020-09-01,ODUDU (AMENAM BLEND),2180811.0,2.180811
2020-10-01,ODUDU (AMENAM BLEND),2267699.0,2.267699
2020-11-01,ODUDU (AMENAM BLEND),2112376.0,2.112376
2020-12-01,ODUDU (AMENAM BLEND),1920219.0,1.920219
2021-01-01,ODUDU (AMENAM BLEND),1984277.0,1.984277
2021-02-01,ODUDU (AMENAM BLEND),1887692.0,1.887692
2021-03-01,ODUDU (AMENAM BLEND),2259039.0,2.259039
2021-04-01,ODUDU (AMENAM BLEND),2235637.0,2.235637
2021-05-01,ODUDU (AMENAM BLEND),2293817.0,2.293817
2021-06-01,ODUDU (AMENAM BLEND),2250259.0,2.250259
2021-07-01,ODUDU (AMENAM BLEND),2287459.0,2.287459
2021-08-01,ODUDU (AMENAM BLEND),2218347.0,2.218347
2021-09-01,ODUDU (AMENAM BLEND),2133286.0,2.133286
2021-10-01,ODUDU (AMENAM BLEND),2154539.0,2.154539
2021-11-01,ODUDU (AMENAM BLEND),1468216.0,1.468216
2021-12-01,ODUDU (AMENAM BLEND),1840856.0,1.840856
2022-01-01,ODUDU (AMENAM BLEND),2216467.0,2.216467
2022-02-01,ODUDU (AMENAM BLEND),2053853.0,2.053853
2022-03-01,ODUDU (AMENAM BLEND),2235857.0,2.235857
2022-04-01,ODUDU (AMENAM BLEND),2041627.0,2.041627
2022-05-01,ODUDU (AMENAM BLEND),2137654.0,2.137654
2022-06-01,ODUDU (AMENAM BLEND),2100930.0,2.10093
2022-07-01,ODUDU (AMENAM BLEND),2283866.0,2.283866
2022-08-01,ODUDU (AMENAM BLEND),2347675.0,2.347675
2022-09-01,ODUDU (AMENAM BLEND),2718333.0,2.718333
2022-10-01,ODUDU (AMENAM BLEND),2884181.0,2.884181
2022-11-01,ODUDU (AMENAM BLEND),2886778.0,2.886778
2022-12-01,ODUDU (AMENAM BLEND),2977641.0,2.977641
2023-01-01,ODUDU (AMENAM BLEND),3107881.0,3.107881
2023-02-01,ODUDU (AMENAM BLEND),2974358.0,2.974358
2023-03-01,ODUDU (AMENAM BLEND),3339707.0,3.339707
2023-04-01,ODUDU (AMENAM BLEND),3183812.0,3.183812
2023-05-01,ODUDU (AMENAM BLEND),3289849.0,3.289849
2023-06-01,ODUDU (AMENAM BLEND),3109894.0,3.109894
2023-07-01,ODUDU (AMENAM BLEND),2934411.0,2.934411
2023-08-01,ODUDU (AMENAM BLEND),2926249.0,2.926249
2023-09-01,ODUDU (AMENAM BLEND),2689522.0,2.689522
2023-10-01,ODUDU (AMENAM BLEND),2983804.0,2.983804
2023-11-01,ODUDU (AMENAM BLEND),2957014.0,2.957014
2023-12-01,ODUDU (AMENAM BLEND),2649589.0,2.649589
2024-01-01,ODUDU (AMENAM BLEND),2941407.0,2.941407
2024-02-01,ODUDU (AMENAM BLEND),2729402.0,2.729402
2024-03-01,ODUDU (AMENAM BLEND),2845229.0,2.845229
2024-04-01,ODUDU (AMENAM BLEND),2666219.0,2.666219
2024-05-01,ODUDU (AMENAM BLEND),2638556.0,2.638556
2024-06-01,ODUDU (AMENAM BLEND),2579755.0,2.579755
2024-07-01,ODUDU (AMENAM BLEND),2475231.0,2.475231
2024-08-01,ODUDU (AMENAM BLEND),2589104.0,2.589104
2024-09-01,ODUDU (AMENAM BLEND),2468512.0,2.468512
2024-10-01,ODUDU (AMENAM BLEND),2532355.0,2.532355
2024-11-01,ODUDU (AMENAM BLEND),2429182.0,2.429182
2024-12-01,ODUDU (AMENAM BLEND),2451979.0,2.451979
2025-01-01,ODUDU (AMENAM BLEND),2330056.0,2.330056
2025-02-01,ODUDU (AMENAM BLEND),2067601.0,2.067601
2025-03-01,ODUDU (AMENAM BLEND),2318645.0,2.318645
2025-04-01,ODUDU (AMENAM BLEND),2111647.0,2.111647
2025-05-01,ODUDU (AMENAM BLEND),1895802.0,1.895802
2025-06-01,ODUDU (AMENAM BLEND),2065733.0,2.065733
2025-07-01,ODUDU (AMENAM BLEND),2129624.0,2.129624
2025-08-01,ODUDU (AMENAM BLEND),1850784.0,1.850784
2025-09-01,ODUDU (AMENAM BLEND),2010444.0,2.010444
2025-10-01,ODUDU (AMENAM BLEND),2116185.0,2.116185
2025-11-01,ODUDU (AMENAM BLEND),1893267.0,1.893267
2025-12-01,ODUDU (AMENAM BLEND),1975393.0,1.975393
2026-01-01,ODUDU (AMENAM BLEND),1946953.0,1.946953
2026-02-01,ODUDU (AMENAM BLEND),1862711.0,1.862711
2026-03-01,ODUDU (AMENAM BLEND),2034797.0,2.034797
2026-04-01,ODUDU (AMENAM BLEND),1861313.0,1.861313
2020-01-01,OKONO,469829.0,0.469829
2020-02-01,OKONO,426667.0,0.426667
2020-03-01,OKONO,448645.0,0.448645
2020-04-01,OKONO,425473.0,0.425473
2020-05-01,OKONO,227124.0,0.227124
2020-06-01,OKONO,492763.0,0.492763
2020-07-01,OKONO,487454.0,0.487454
2020-08-01,OKONO,469392.0,0.469392
2020-09-01,OKONO,444876.0,0.444876
2020-10-01,OKONO,386097.0,0.386097
2020-11-01,OKONO,406949.0,0.406949
2020-12-01,OKONO,302349.0,0.302349
2021-01-01,OKONO,312470.0,0.31247
2021-02-01,OKONO,327659.0,0.327659
2021-03-01,OKONO,359293.0,0.359293
2021-04-01,OKONO,273796.0,0.273796
2021-05-01,OKONO,388028.0,0.388028
2021-06-01,OKONO,275853.0,0.275853
2021-07-01,OKONO,408147.0,0.408147
2021-08-01,OKONO,370686.0,0.370686
2021-09-01,OKONO,351641.0,0.351641
2021-10-01,OKONO,315230.0,0.31523
2021-11-01,OKONO,366337.0,0.366337
2021-12-01,OKONO,411193.0,0.411193
2022-01-01,OKONO,350284.0,0.350284
2022-02-01,OKONO,283963.0,0.283963
2022-03-01,OKONO,373326.0,0.373326
2022-04-01,OKONO,335547.0,0.335547
2022-05-01,OKONO,279452.0,0.279452
2022-06-01,OKONO,313050.0,0.31305
2022-07-01,OKONO,302278.0,0.302278
2022-08-01,OKONO,279267.0,0.279267
2022-09-01,OKONO,277381.0,0.277381
2022-10-01,OKONO,297664.0,0.297664
2022-11-01,OKONO,228220.0,0.22822
2022-12-01,OKONO,301944.0,0.301944
2023-01-01,OKONO,290646.0,0.290646
2023-02-01,OKONO,264920.0,0.26492
2023-03-01,OKONO,292980.0,0.29298
2023-04-01,OKONO,259447.0,0.259447
2023-05-01,OKONO,270763.0,0.270763
2023-06-01,OKONO,260542.0,0.260542
2023-07-01,OKONO,269936.0,0.269936
2023-08-01,OKONO,291288.0,0.291288
2023-09-01,OKONO,243220.0,0.24322
2023-10-01,OKONO,284648.0,0.284648
2023-11-01,OKONO,226628.0,0.226628
2023-12-01,OKONO,289111.0,0.289111
2024-01-01,OKONO,236705.0,0.236705
2024-03-01,OKONO,6445.0,0.006445
2024-06-01,OKONO,195218.0,0.195218
2024-07-01,OKONO,320167.0,0.320167
2024-08-01,OKONO,278126.0,0.278126
2024-09-01,OKONO,192153.0,0.192153
2024-10-01,OKONO,347996.0,0.347996
2024-11-01,OKONO,337559.0,0.337559
2024-12-01,OKONO,363195.0,0.363195
2025-01-01,OKONO,368016.0,0.368016
2025-02-01,OKONO,328620.0,0.32862
2025-03-01,OKONO,341155.0,0.341155
2025-04-01,OKONO,332322.0,0.332322
2025-05-01,OKONO,341073.0,0.341073
2025-06-01,OKONO,325350.0,0.32535
2025-07-01,OKONO,313118.0,0.313118
2025-08-01,OKONO,276264.0,0.276264
2025-09-01,OKONO,300620.0,0.30062
2025-10-01,OKONO,311506.0,0.311506
2025-11-01,OKONO,223297.0,0.223297
2025-12-01,OKONO,208877.0,0.208877
2026-01-01,OKONO,142466.0,0.142466
2026-02-01,OKONO,205273.0,0.205273
2026-03-01,OKONO,222541.0,0.222541
2026-04-01,OKONO,208642.0,0.208642
2020-01-01,OKORO,425106.0,0.425106
2020-02-01,OKORO,423567.0,0.423567
2020-03-01,OKORO,549824.0,0.549824
2020-04-01,OKORO,541810.0,0.54181
2020-05-01,OKORO,509883.0,0.509883
2020-06-01,OKORO,448072.0,0.448072
2020-07-01,OKORO,489216.0,0.489216
2020-08-01,OKORO,505451.0,0.505451
2020-09-01,OKORO,402178.0,0.402178
2020-10-01,OKORO,413531.0,0.413531
2020-11-01,OKORO,329635.0,0.329635
2020-12-01,OKORO,394952.0,0.394952
2021-01-01,OKORO,318318.0,0.318318
2021-02-01,OKORO,368800.0,0.3688
2021-03-01,OKORO,389207.0,0.389207
2021-04-01,OKORO,363465.0,0.363465
2021-05-01,OKORO,385908.0,0.385908
2021-06-01,OKORO,357017.0,0.357017
2021-07-01,OKORO,349102.0,0.349102
2021-08-01,OKORO,164270.0,0.16427
2021-09-01,OKORO,309948.0,0.309948
2021-10-01,OKORO,322153.0,0.322153
2021-11-01,OKORO,308361.0,0.308361
2021-12-01,OKORO,316595.0,0.316595
2022-01-01,OKORO,296448.0,0.296448
2022-02-01,OKORO,238922.0,0.238922
2022-03-01,OKORO,250743.0,0.250743
2022-04-01,OKORO,185609.0,0.185609
2022-05-01,OKORO,226632.0,0.226632
2022-06-01,OKORO,258202.0,0.258202
2022-07-01,OKORO,268451.0,0.268451
2022-08-01,OKORO,266767.0,0.266767
2022-09-01,OKORO,235949.0,0.235949
2022-10-01,OKORO,200445.0,0.200445
2022-11-01,OKORO,234267.0,0.234267
2022-12-01,OKORO,236475.0,0.236475
2023-01-01,OKORO,231688.0,0.231688
2023-02-01,OKORO,207778.0,0.207778
2023-03-01,OKORO,226104.0,0.226104
2023-04-01,OKORO,114590.0,0.11459
2023-05-01,OKORO,97946.0,0.097946
2023-06-01,OKORO,219638.0,0.219638
2023-07-01,OKORO,221575.0,0.221575
2023-08-01,OKORO,107306.0,0.107306
2023-09-01,OKORO,196648.0,0.196648
2023-10-01,OKORO,209927.0,0.209927
2023-11-01,OKORO,176195.0,0.176195
2023-12-01,OKORO,208838.0,0.208838
2024-01-01,OKORO,203761.0,0.203761
2024-02-01,OKORO,190965.0,0.190965
2024-03-01,OKORO,201924.0,0.201924
2024-04-01,OKORO,182645.0,0.182645
2024-05-01,OKORO,188990.0,0.18899
2024-06-01,OKORO,167626.0,0.167626
2024-07-01,OKORO,181758.0,0.181758
2024-08-01,OKORO,173385.0,0.173385
2024-09-01,OKORO,167614.0,0.167614
2024-10-01,OKORO,177386.0,0.177386
2024-11-01,OKORO,172483.0,0.172483
2024-12-01,OKORO,173580.0,0.17358
2025-01-01,OKORO,168432.0,0.168432
2025-02-01,OKORO,141970.0,0.14197
2025-03-01,OKORO,160308.0,0.160308
2025-04-01,OKORO,158837.0,0.158837
2025-05-01,OKORO,154386.0,0.154386
2025-06-01,OKORO,143657.0,0.143657
2025-07-01,OKORO,137526.0,0.137526
2025-08-01,OKORO,72429.0,0.072429
2025-09-01,OKORO,134175.0,0.134175
2025-10-01,OKORO,147289.0,0.147289
2025-11-01,OKORO,145562.0,0.145562
2025-12-01,OKORO,163212.0,0.163212
2026-01-01,OKORO,154124.0,0.154124
2026-02-01,OKORO,93704.0,0.093704
2026-03-01,OKORO,118893.0,0.118893
2026-04-01,OKORO,113921.0,0.113921
2020-01-01,OKWORI,212436.0,0.212436
2020-02-01,OKWORI,136129.0,0.136129
2020-03-01,OKWORI,200000.0,0.2
2020-04-01,OKWORI,230054.0,0.230054
2020-05-01,OKWORI,101041.0,0.101041
2020-06-01,OKWORI,12.0,1.2e-05
2020-08-01,OKWORI,226.0,0.000226
2020-10-01,OKWORI,116598.0,0.116598
2020-11-01,OKWORI,206241.0,0.206241
2020-12-01,OKWORI,226641.0,0.226641
2021-01-01,OKWORI,227799.0,0.227799
2021-02-01,OKWORI,169842.0,0.169842
2021-03-01,OKWORI,176591.0,0.176591
2021-04-01,OKWORI,145450.0,0.14545
2021-05-01,OKWORI,127857.0,0.127857
2021-06-01,OKWORI,122130.0,0.12213
2021-07-01,OKWORI,122266.0,0.122266
2021-08-01,OKWORI,136295.0,0.136295
2021-09-01,OKWORI,43799.0,0.043799
2021-10-01,OKWORI,8050.0,0.00805
2021-12-01,OKWORI,6312.0,0.006312
2022-06-01,OKWORI,5566.0,0.005566
2022-07-01,OKWORI,135341.0,0.135341
2022-08-01,OKWORI,136571.0,0.136571
2022-09-01,OKWORI,136370.0,0.13637
2022-10-01,OKWORI,122751.0,0.122751
2022-11-01,OKWORI,77968.0,0.077968
2022-12-01,OKWORI,47248.0,0.047248
2023-01-01,OKWORI,29491.0,0.029491
2023-02-01,OKWORI,10246.0,0.010246
2023-03-01,OKWORI,91193.0,0.091193
2023-04-01,OKWORI,95511.0,0.095511
2023-05-01,OKWORI,26065.0,0.026065
2023-07-01,OKWORI,7716.0,0.007716
2023-08-01,OKWORI,114983.0,0.114983
2023-09-01,OKWORI,110860.0,0.11086
2023-10-01,OKWORI,154163.0,0.154163
2023-11-01,OKWORI,117962.0,0.117962
2023-12-01,OKWORI,121783.0,0.121783
2024-01-01,OKWORI,126381.0,0.126381
2024-02-01,OKWORI,97407.0,0.097407
2024-03-01,OKWORI,113685.0,0.113685
2024-04-01,OKWORI,122713.0,0.122713
2024-05-01,OKWORI,97727.0,0.097727
2024-06-01,OKWORI,92929.0,0.092929
2024-07-01,OKWORI,60254.0,0.060254
2024-08-01,OKWORI,81861.0,0.081861
2024-09-01,OKWORI,114101.0,0.114101
2024-10-01,OKWORI,122353.0,0.122353
2024-11-01,OKWORI,120309.0,0.120309
2024-12-01,OKWORI,160111.0,0.160111
2025-01-01,OKWORI,129477.0,0.129477
2025-02-01,OKWORI,86686.0,0.086686
2025-03-01,OKWORI,86918.0,0.086918
2025-04-01,OKWORI,78706.0,0.078706
2025-05-01,OKWORI,77801.0,0.077801
2025-06-01,OKWORI,73065.0,0.073065
2025-07-01,OKWORI,68244.0,0.068244
2025-08-01,OKWORI,68706.0,0.068706
2025-09-01,OKWORI,61706.0,0.061706
2025-10-01,OKWORI,74535.0,0.074535
2025-11-01,OKWORI,47038.0,0.047038
2025-12-01,OKWORI,70616.0,0.070616
2026-01-01,OKWORI,102561.0,0.102561
2026-02-01,OKWORI,88611.0,0.088611
2026-03-01,OKWORI,85043.0,0.085043
2026-04-01,OKWORI,91071.0,0.091071
2020-01-01,OTAKPIPO,177566.0,0.177566
2020-02-01,OTAKPIPO,214168.0,0.214168
2020-03-01,OTAKPIPO,210405.0,0.210405
2020-04-01,OTAKPIPO,207732.0,0.207732
2020-05-01,OTAKPIPO,170742.0,0.170742
2020-06-01,OTAKPIPO,182694.0,0.182694
2020-07-01,OTAKPIPO,143164.0,0.143164
2020-08-01,OTAKPIPO,150536.0,0.150536
2020-09-01,OTAKPIPO,239410.0,0.23941
2020-10-01,OTAKPIPO,181122.0,0.181122
2020-11-01,OTAKPIPO,162657.0,0.162657
2020-12-01,OTAKPIPO,168868.0,0.168868
2021-01-01,OTAKPIPO,174559.0,0.174559
2021-02-01,OTAKPIPO,146450.0,0.14645
2021-03-01,OTAKPIPO,185710.0,0.18571
2021-04-01,OTAKPIPO,115872.0,0.115872
2021-05-01,OTAKPIPO,206334.0,0.206334
2021-06-01,OTAKPIPO,196973.0,0.196973
2021-07-01,OTAKPIPO,121727.0,0.121727
2021-08-01,OTAKPIPO,54626.0,0.054626
2021-09-01,OTAKPIPO,192159.0,0.192159
2021-10-01,OTAKPIPO,190415.0,0.190415
2021-11-01,OTAKPIPO,149600.0,0.1496
2021-12-01,OTAKPIPO,161541.0,0.161541
2022-01-01,OTAKPIPO,164478.0,0.164478
2022-02-01,OTAKPIPO,143635.0,0.143635
2022-03-01,OTAKPIPO,137711.0,0.137711
2022-04-01,OTAKPIPO,138234.0,0.138234
2022-05-01,OTAKPIPO,145107.0,0.145107
2022-06-01,OTAKPIPO,139536.0,0.139536
2022-07-01,OTAKPIPO,161180.0,0.16118
2022-08-01,OTAKPIPO,235466.0,0.235466
2022-09-01,OTAKPIPO,191580.0,0.19158
2022-10-01,OTAKPIPO,254098.0,0.254098
2022-11-01,OTAKPIPO,304522.0,0.304522
2022-12-01,OTAKPIPO,306591.0,0.306591
2023-01-01,OTAKPIPO,312128.0,0.312128
2023-02-01,OTAKPIPO,287256.0,0.287256
2023-03-01,OTAKPIPO,313478.0,0.313478
2023-04-01,OTAKPIPO,216278.0,0.216278
2023-05-01,OTAKPIPO,281693.0,0.281693
2023-06-01,OTAKPIPO,252372.0,0.252372
2023-07-01,OTAKPIPO,187811.0,0.187811
2023-08-01,OTAKPIPO,234595.0,0.234595
2023-09-01,OTAKPIPO,358394.0,0.358394
2023-10-01,OTAKPIPO,363887.0,0.363887
2023-11-01,OTAKPIPO,352169.0,0.352169
2023-12-01,OTAKPIPO,291072.0,0.291072
2024-01-01,OTAKPIPO,278843.0,0.278843
2024-02-01,OTAKPIPO,217705.0,0.217705
2024-03-01,OTAKPIPO,242882.0,0.242882
2024-04-01,OTAKPIPO,270168.0,0.270168
2024-05-01,OTAKPIPO,306424.0,0.306424
2024-06-01,OTAKPIPO,270141.0,0.270141
2024-07-01,OTAKPIPO,266605.0,0.266605
2024-08-01,OTAKPIPO,197152.0,0.197152
2024-09-01,OTAKPIPO,195878.0,0.195878
2024-10-01,OTAKPIPO,169735.0,0.169735
2024-11-01,OTAKPIPO,127545.0,0.127545
2024-12-01,OTAKPIPO,186192.0,0.186192
2025-01-01,OTAKPIPO,210114.0,0.210114
2025-02-01,OTAKPIPO,125233.0,0.125233
2025-03-01,OTAKPIPO,114411.0,0.114411
2025-04-01,OTAKPIPO,148290.0,0.14829
2025-05-01,OTAKPIPO,212252.0,0.212252
2025-06-01,OTAKPIPO,220666.0,0.220666
2025-07-01,OTAKPIPO,185672.0,0.185672
2025-08-01,OTAKPIPO,215945.0,0.215945
2025-09-01,OTAKPIPO,206713.0,0.206713
2025-10-01,OTAKPIPO,204048.0,0.204048
2025-11-01,OTAKPIPO,194965.0,0.194965
2025-12-01,OTAKPIPO,199316.0,0.199316
2026-01-01,OTAKPIPO,196106.0,0.196106
2026-02-01,OTAKPIPO,176061.0,0.176061
2026-03-01,OTAKPIPO,263343.0,0.263343
2026-04-01,OTAKPIPO,255711.0,0.255711
2023-07-01,OYO,41841.0,0.041841
2023-09-01,OYO,39261.0,0.039261
2023-10-01,OYO,36552.0,0.036552
2023-11-01,OYO,39184.0,0.039184
2023-12-01,OYO,37783.0,0.037783
2024-01-01,OYO,40059.0,0.040059
2024-02-01,OYO,36530.0,0.03653
2024-03-01,OYO,40236.0,0.040236
2024-04-01,OYO,36771.0,0.036771
2024-05-01,OYO,43319.0,0.043319
2024-06-01,OYO,35748.0,0.035748
2024-07-01,OYO,36316.0,0.036316
2024-08-01,OYO,38331.0,0.038331
2024-09-01,OYO,37545.0,0.037545
2024-10-01,OYO,81646.0,0.081646
2024-11-01,OYO,161059.0,0.161059
2024-12-01,OYO,330176.0,0.330176
2025-01-01,OYO,504401.0,0.504401
2025-02-01,OYO,200390.0,0.20039
2025-03-01,OYO,269271.0,0.269271
2025-04-01,OYO,154564.0,0.154564
2025-05-01,OYO,273828.0,0.273828
2025-06-01,OYO,157664.0,0.157664
2025-07-01,OYO,266239.0,0.266239
2025-08-01,OYO,124136.0,0.124136
2025-09-01,OYO,73301.0,0.073301
2025-10-01,OYO,250322.0,0.250322
2025-11-01,OYO,34573.0,0.034573
2025-12-01,OYO,25972.0,0.025972
2026-01-01,OYO,24923.0,0.024923
2026-02-01,OYO,21671.0,0.021671
2026-03-01,OYO,24030.0,0.02403
2026-04-01,OYO,125.0,0.000125
2020-01-01,PENNINGTON,566958.0,0.566958
2020-02-01,PENNINGTON,632717.0,0.632717
2020-03-01,PENNINGTON,588768.0,0.588768
2020-04-01,PENNINGTON,648806.0,0.648806
2020-05-01,PENNINGTON,79882.0,0.079882
2020-06-01,PENNINGTON,360435.0,0.360435
2020-07-01,PENNINGTON,571681.0,0.571681
2020-11-01,PENNINGTON,45737.0,0.045737
2020-12-01,PENNINGTON,795238.0,0.795238
2021-01-01,PENNINGTON,607921.0,0.607921
2021-02-01,PENNINGTON,907754.0,0.907754
2021-03-01,PENNINGTON,635687.0,0.635687
2021-04-01,PENNINGTON,493496.0,0.493496
2021-05-01,PENNINGTON,728429.0,0.728429
2021-06-01,PENNINGTON,460940.0,0.46094
2021-07-01,PENNINGTON,661010.0,0.66101
2021-08-01,PENNINGTON,728673.0,0.728673
2021-09-01,PENNINGTON,275142.0,0.275142
2021-10-01,PENNINGTON,696876.0,0.696876
2021-11-01,PENNINGTON,410384.0,0.410384
2021-12-01,PENNINGTON,678712.0,0.678712
2022-01-01,PENNINGTON,580959.0,0.580959
2022-02-01,PENNINGTON,549454.0,0.549454
2022-03-01,PENNINGTON,482335.0,0.482335
2022-04-01,PENNINGTON,632780.0,0.63278
2022-05-01,PENNINGTON,516464.0,0.516464
2022-06-01,PENNINGTON,580687.0,0.580687
2022-07-01,PENNINGTON,436456.0,0.436456
2022-08-01,PENNINGTON,495796.0,0.495796
2022-09-01,PENNINGTON,464599.0,0.464599
2022-10-01,PENNINGTON,511119.0,0.511119
2022-11-01,PENNINGTON,335177.0,0.335177
2022-12-01,PENNINGTON,509560.0,0.50956
2023-01-01,PENNINGTON,341603.0,0.341603
2023-02-01,PENNINGTON,431015.0,0.431015
2023-03-01,PENNINGTON,462380.0,0.46238
2023-04-01,PENNINGTON,448673.0,0.448673
2023-05-01,PENNINGTON,461983.0,0.461983
2023-06-01,PENNINGTON,305838.0,0.305838
2023-07-01,PENNINGTON,333219.0,0.333219
2023-08-01,PENNINGTON,386403.0,0.386403
2023-09-01,PENNINGTON,4916.0,0.004916
2023-12-01,PENNINGTON,302450.0,0.30245
2024-01-01,PENNINGTON,377158.0,0.377158
2024-02-01,PENNINGTON,360774.0,0.360774
2024-03-01,PENNINGTON,321875.0,0.321875
2024-04-01,PENNINGTON,530794.0,0.530794
2024-05-01,PENNINGTON,353442.0,0.353442
2024-06-01,PENNINGTON,507062.0,0.507062
2024-07-01,PENNINGTON,159850.0,0.15985
2024-08-01,PENNINGTON,206828.0,0.206828
2024-09-01,PENNINGTON,233383.0,0.233383
2024-10-01,PENNINGTON,415343.0,0.415343
2024-11-01,PENNINGTON,390161.0,0.390161
2024-12-01,PENNINGTON,183330.0,0.18333
2025-01-01,PENNINGTON,425878.0,0.425878
2025-02-01,PENNINGTON,408590.0,0.40859
2025-03-01,PENNINGTON,126576.0,0.126576
2025-04-01,PENNINGTON,425649.0,0.425649
2025-05-01,PENNINGTON,417266.0,0.417266
2025-06-01,PENNINGTON,213225.0,0.213225
2025-07-01,PENNINGTON,467338.0,0.467338
2025-08-01,PENNINGTON,493049.0,0.493049
2025-09-01,PENNINGTON,289508.0,0.289508
2025-10-01,PENNINGTON,364190.0,0.36419
2025-11-01,PENNINGTON,442063.0,0.442063
2025-12-01,PENNINGTON,131761.0,0.131761
2026-01-01,PENNINGTON,429786.0,0.429786
2026-02-01,PENNINGTON,375264.0,0.375264
2026-03-01,PENNINGTON,165600.0,0.1656
2026-04-01,PENNINGTON,153327.0,0.153327
2020-01-01,QUA IBOE,7110625.0,7.110625
2020-02-01,QUA IBOE,6816272.0,6.816272
2020-03-01,QUA IBOE,7300173.0,7.300173
2020-04-01,QUA IBOE,6851992.0,6.851992
2020-05-01,QUA IBOE,5325453.0,5.325453
2020-06-01,QUA IBOE,5339279.0,5.339279
2020-07-01,QUA IBOE,6402362.0,6.402362
2020-08-01,QUA IBOE,5950140.0,5.95014
2020-09-01,QUA IBOE,5483634.0,5.483634
2020-10-01,QUA IBOE,5687971.0,5.687971
2020-11-01,QUA IBOE,4776744.0,4.776744
2020-12-01,QUA IBOE,1548342.0,1.548342
2021-01-01,QUA IBOE,3713005.0,3.713005
2021-02-01,QUA IBOE,4782259.0,4.782259
2021-03-01,QUA IBOE,5101247.0,5.101247
2021-04-01,QUA IBOE,5118415.0,5.118415
2021-05-01,QUA IBOE,5423531.0,5.423531
2021-06-01,QUA IBOE,4323273.0,4.323273
2021-07-01,QUA IBOE,4663505.0,4.663505
2021-08-01,QUA IBOE,4245533.0,4.245533
2021-09-01,QUA IBOE,4513432.0,4.513432
2021-10-01,QUA IBOE,4944526.0,4.944526
2021-11-01,QUA IBOE,4598207.0,4.598207
2021-12-01,QUA IBOE,5183875.0,5.183875
2022-01-01,QUA IBOE,5467006.0,5.467006
2022-02-01,QUA IBOE,4547195.0,4.547195
2022-03-01,QUA IBOE,5383986.0,5.383986
2022-04-01,QUA IBOE,4889329.0,4.889329
2022-05-01,QUA IBOE,2752324.0,2.752324
2022-06-01,QUA IBOE,4375108.0,4.375108
2022-07-01,QUA IBOE,4908079.0,4.908079
2022-08-01,QUA IBOE,4886459.0,4.886459
2022-09-01,QUA IBOE,5060872.0,5.060872
2022-10-01,QUA IBOE,5040408.0,5.040408
2022-11-01,QUA IBOE,4546145.0,4.546145
2022-12-01,QUA IBOE,4854763.0,4.854763
2023-01-01,QUA IBOE,4772802.0,4.772802
2023-02-01,QUA IBOE,4176400.0,4.1764
2023-03-01,QUA IBOE,4300662.0,4.300662
2023-04-01,QUA IBOE,1969876.0,1.969876
2023-05-01,QUA IBOE,4101143.0,4.101143
2023-06-01,QUA IBOE,3788731.0,3.788731
2023-07-01,QUA IBOE,4123574.0,4.123574
2023-08-01,QUA IBOE,4630790.0,4.63079
2023-09-01,QUA IBOE,4373967.0,4.373967
2023-10-01,QUA IBOE,4620153.0,4.620153
2023-11-01,QUA IBOE,4638503.0,4.638503
2023-12-01,QUA IBOE,4051808.0,4.051808
2024-01-01,QUA IBOE,4296273.0,4.296273
2024-02-01,QUA IBOE,3709370.0,3.70937
2024-03-01,QUA IBOE,4095920.0,4.09592
2024-04-01,QUA IBOE,4300575.0,4.300575
2024-05-01,QUA IBOE,3966655.0,3.966655
2024-06-01,QUA IBOE,3280162.0,3.280162
2024-07-01,QUA IBOE,3362190.0,3.36219
2024-08-01,QUA IBOE,3093737.0,3.093737
2024-09-01,QUA IBOE,2852385.0,2.852385
2024-10-01,QUA IBOE,4137588.0,4.137588
2024-11-01,QUA IBOE,4192490.0,4.19249
2024-12-01,QUA IBOE,4155821.0,4.155821
2025-01-01,QUA IBOE,4636996.0,4.636996
2025-02-01,QUA IBOE,4283033.0,4.283033
2025-03-01,QUA IBOE,3560836.0,3.560836
2025-04-01,QUA IBOE,4351568.0,4.351568
2025-05-01,QUA IBOE,4974996.0,4.974996
2025-06-01,QUA IBOE,5089606.0,5.089606
2025-07-01,QUA IBOE,4551153.0,4.551153
2025-08-01,QUA IBOE,4996769.0,4.996769
2025-09-01,QUA IBOE,4688793.0,4.688793
2025-10-01,QUA IBOE,2732790.0,2.73279
2025-11-01,QUA IBOE,4034727.0,4.034727
2025-12-01,QUA IBOE,5125378.0,5.125378
2026-01-01,QUA IBOE,4606803.0,4.606803
2026-02-01,QUA IBOE,4444905.0,4.444905
2026-03-01,QUA IBOE,5246470.0,5.24647
2026-04-01,QUA IBOE,4965055.0,4.965055
2020-01-01,SEA EAGLE (EA),660891.0,0.660891
2020-02-01,SEA EAGLE (EA),660912.0,0.660912
2020-03-01,SEA EAGLE (EA),768864.0,0.768864
2020-04-01,SEA EAGLE (EA),854138.0,0.854138
2020-05-01,SEA EAGLE (EA),830453.0,0.830453
2020-06-01,SEA EAGLE (EA),826224.0,0.826224
2020-07-01,SEA EAGLE (EA),912313.0,0.912313
2020-08-01,SEA EAGLE (EA),801856.0,0.801856
2020-09-01,SEA EAGLE (EA),843465.0,0.843465
2020-10-01,SEA EAGLE (EA),769237.0,0.769237
2020-11-01,SEA EAGLE (EA),841946.0,0.841946
2020-12-01,SEA EAGLE (EA),771531.0,0.771531
2021-01-01,SEA EAGLE (EA),908188.0,0.908188
2021-02-01,SEA EAGLE (EA),815275.0,0.815275
2021-03-01,SEA EAGLE (EA),872447.0,0.872447
2021-04-01,SEA EAGLE (EA),642149.0,0.642149
2021-06-01,SEA EAGLE (EA),8099.0,0.008099
2021-07-01,SEA EAGLE (EA),698762.0,0.698762
2021-08-01,SEA EAGLE (EA),755249.0,0.755249
2021-09-01,SEA EAGLE (EA),637658.0,0.637658
2021-10-01,SEA EAGLE (EA),568755.0,0.568755
2021-11-01,SEA EAGLE (EA),549801.0,0.549801
2021-12-01,SEA EAGLE (EA),446058.0,0.446058
2022-01-01,SEA EAGLE (EA),801660.0,0.80166
2022-02-01,SEA EAGLE (EA),698443.0,0.698443
2022-03-01,SEA EAGLE (EA),791809.0,0.791809
2022-04-01,SEA EAGLE (EA),790789.0,0.790789
2022-05-01,SEA EAGLE (EA),815061.0,0.815061
2022-06-01,SEA EAGLE (EA),751642.0,0.751642
2022-07-01,SEA EAGLE (EA),688541.0,0.688541
2022-08-01,SEA EAGLE (EA),577064.0,0.577064
2022-09-01,SEA EAGLE (EA),764055.0,0.764055
2022-10-01,SEA EAGLE (EA),669899.0,0.669899
2022-11-01,SEA EAGLE (EA),703513.0,0.703513
2022-12-01,SEA EAGLE (EA),684525.0,0.684525
2023-01-01,SEA EAGLE (EA),727560.0,0.72756
2023-02-01,SEA EAGLE (EA),560700.0,0.5607
2023-03-01,SEA EAGLE (EA),637897.0,0.637897
2023-04-01,SEA EAGLE (EA),347838.0,0.347838
2023-05-01,SEA EAGLE (EA),598534.0,0.598534
2023-06-01,SEA EAGLE (EA),613142.0,0.613142
2023-07-01,SEA EAGLE (EA),561889.0,0.561889
2023-08-01,SEA EAGLE (EA),442167.0,0.442167
2023-09-01,SEA EAGLE (EA),470002.0,0.470002
2023-10-01,SEA EAGLE (EA),565360.0,0.56536
2023-11-01,SEA EAGLE (EA),533245.0,0.533245
2023-12-01,SEA EAGLE (EA),267662.0,0.267662
2024-01-01,SEA EAGLE (EA),395216.0,0.395216
2024-02-01,SEA EAGLE (EA),4265.0,0.004265
2024-04-01,SEA EAGLE (EA),374352.0,0.374352
2024-05-01,SEA EAGLE (EA),626868.0,0.626868
2024-06-01,SEA EAGLE (EA),632123.0,0.632123
2024-07-01,SEA EAGLE (EA),510925.0,0.510925
2024-08-01,SEA EAGLE (EA),621548.0,0.621548
2024-09-01,SEA EAGLE (EA),560093.0,0.560093
2024-10-01,SEA EAGLE (EA),613350.0,0.61335
2024-11-01,SEA EAGLE (EA),559369.0,0.559369
2024-12-01,SEA EAGLE (EA),529276.0,0.529276
2025-01-01,SEA EAGLE (EA),519168.0,0.519168
2025-02-01,SEA EAGLE (EA),469055.0,0.469055
2025-03-01,SEA EAGLE (EA),520495.0,0.520495
2025-04-01,SEA EAGLE (EA),471272.0,0.471272
2025-05-01,SEA EAGLE (EA),500602.0,0.500602
2025-06-01,SEA EAGLE (EA),476606.0,0.476606
2025-07-01,SEA EAGLE (EA),487140.0,0.48714
2025-08-01,SEA EAGLE (EA),466163.0,0.466163
2025-09-01,SEA EAGLE (EA),444477.0,0.444477
2025-10-01,SEA EAGLE (EA),631737.0,0.631737
2025-11-01,SEA EAGLE (EA),394454.0,0.394454
2025-12-01,SEA EAGLE (EA),359977.0,0.359977
2026-01-01,SEA EAGLE (EA),536418.0,0.536418
2026-02-01,SEA EAGLE (EA),449287.0,0.449287
2026-03-01,SEA EAGLE (EA),469924.0,0.469924
2026-04-01,SEA EAGLE (EA),431029.0,0.431029
2020-01-01,TULJA - OKWUIBOME,962597.81086538,0.96259781086538
2020-02-01,TULJA - OKWUIBOME,1122749.4299693694,1.1227494299693694
2020-03-01,TULJA - OKWUIBOME,920232.1391652504,0.9202321391652504
2020-04-01,TULJA - OKWUIBOME,1193208.0,1.193208
2020-05-01,TULJA - OKWUIBOME,1162968.83,1.16296883
2020-06-01,TULJA - OKWUIBOME,1075914.0,1.075914
2020-07-01,TULJA - OKWUIBOME,1074277.0,1.074277
2020-08-01,TULJA - OKWUIBOME,1003936.0,1.003936
2020-09-01,TULJA - OKWUIBOME,945071.0,0.945071
2020-10-01,TULJA - OKWUIBOME,1243100.0,1.2431
2020-11-01,TULJA - OKWUIBOME,1242388.0,1.242388
2020-12-01,TULJA - OKWUIBOME,1277912.0,1.277912
2021-01-01,TULJA - OKWUIBOME,1568964.0,1.568964
2021-02-01,TULJA - OKWUIBOME,1388987.0,1.388987
2021-03-01,TULJA - OKWUIBOME,1553261.0,1.553261
2021-04-01,TULJA - OKWUIBOME,1500350.0,1.50035
2021-05-01,TULJA - OKWUIBOME,1650339.0,1.650339
2021-06-01,TULJA - OKWUIBOME,1805809.0,1.805809
2021-07-01,TULJA - OKWUIBOME,1778766.0,1.778766
2021-08-01,TULJA - OKWUIBOME,1559237.0,1.559237
2021-09-01,TULJA - OKWUIBOME,1503468.0,1.503468
2021-10-01,TULJA - OKWUIBOME,1665592.0,1.665592
2021-11-01,TULJA - OKWUIBOME,1605750.0,1.60575
2021-12-01,TULJA - OKWUIBOME,1679100.0,1.6791
2022-01-01,TULJA - OKWUIBOME,1510265.0,1.510265
2022-02-01,TULJA - OKWUIBOME,1253039.0,1.253039
2022-03-01,TULJA - OKWUIBOME,1659036.0,1.659036
2022-04-01,TULJA - OKWUIBOME,1570622.0,1.570622
2022-05-01,TULJA - OKWUIBOME,1477920.0,1.47792
2022-06-01,TULJA - OKWUIBOME,1503224.0,1.503224
2022-07-01,TULJA - OKWUIBOME,1479605.0,1.479605
2022-08-01,TULJA - OKWUIBOME,1558746.0,1.558746
2022-09-01,TULJA - OKWUIBOME,1536815.0,1.536815
2022-10-01,TULJA - OKWUIBOME,1405054.0,1.405054
2022-11-01,TULJA - OKWUIBOME,1458611.0,1.458611
2022-12-01,TULJA - OKWUIBOME,1515469.0,1.515469
2023-01-01,TULJA - OKWUIBOME,1691756.0,1.691756
2023-02-01,TULJA - OKWUIBOME,1598627.0,1.598627
2023-03-01,TULJA - OKWUIBOME,1811365.0,1.811365
2023-04-01,TULJA - OKWUIBOME,1680987.0,1.680987
2023-05-01,TULJA - OKWUIBOME,1758269.0,1.758269
2023-06-01,TULJA - OKWUIBOME,1610495.0,1.610495
2023-07-01,TULJA - OKWUIBOME,1694285.0,1.694285
2023-08-01,TULJA - OKWUIBOME,1739293.0,1.739293
2023-09-01,TULJA - OKWUIBOME,1671878.0,1.671878
2023-10-01,TULJA - OKWUIBOME,1852037.0,1.852037
2023-11-01,TULJA - OKWUIBOME,1795770.0,1.79577
2023-12-01,TULJA - OKWUIBOME,1977172.0,1.977172
2024-01-01,TULJA - OKWUIBOME,2046908.0,2.046908
2024-02-01,TULJA - OKWUIBOME,1997258.0,1.997258
2024-03-01,TULJA - OKWUIBOME,2163082.0,2.163082
2024-04-01,TULJA - OKWUIBOME,2137037.0,2.137037
2024-05-01,TULJA - OKWUIBOME,2281048.0,2.281048
2024-06-01,TULJA - OKWUIBOME,2208401.0,2.208401
2024-07-01,TULJA - OKWUIBOME,2293741.0,2.293741
2024-08-01,TULJA - OKWUIBOME,2291364.0,2.291364
2024-09-01,TULJA - OKWUIBOME,2284919.0,2.284919
2024-10-01,TULJA - OKWUIBOME,2601083.0,2.601083
2024-11-01,TULJA - OKWUIBOME,2603982.0,2.603982
2024-12-01,TULJA - OKWUIBOME,2643938.0,2.643938
2025-01-01,TULJA - OKWUIBOME,2515028.0,2.515028
2025-02-01,TULJA - OKWUIBOME,2171698.0,2.171698
2025-03-01,TULJA - OKWUIBOME,2391158.0,2.391158
2025-04-01,TULJA - OKWUIBOME,2333036.0,2.333036
2025-05-01,TULJA - OKWUIBOME,2404178.0,2.404178
2025-06-01,TULJA - OKWUIBOME,2300732.0,2.300732
2025-07-01,TULJA - OKWUIBOME,2377696.0,2.377696
2025-08-01,TULJA - OKWUIBOME,2312449.0,2.312449
2025-09-01,TULJA - OKWUIBOME,1929376.0,1.929376
2025-10-01,TULJA - OKWUIBOME,1901703.0,1.901703
2025-11-01,TULJA - OKWUIBOME,1901493.0,1.901493
2025-12-01,TULJA - OKWUIBOME,1880385.0,1.880385
2026-01-01,TULJA - OKWUIBOME,2076418.0,2.076418
2026-02-01,TULJA - OKWUIBOME,1672986.0,1.672986
2026-03-01,TULJA - OKWUIBOME,1883518.0,1.883518
2026-04-01,TULJA - OKWUIBOME,1900419.0,1.900419
2020-01-01,UGO OCHA (JONES CREEK),1046416.0,1.046416
2020-02-01,UGO OCHA (JONES CREEK),1044423.0,1.044423
2020-03-01,UGO OCHA (JONES CREEK),1088956.0,1.088956
2020-04-01,UGO OCHA (JONES CREEK),924344.0,0.924344
2020-05-01,UGO OCHA (JONES CREEK),1011258.0,1.011258
2020-06-01,UGO OCHA (JONES CREEK),922127.0,0.922127
2020-07-01,UGO OCHA (JONES CREEK),737640.0,0.73764
2020-08-01,UGO OCHA (JONES CREEK),864503.0,0.864503
2020-09-01,UGO OCHA (JONES CREEK),892686.0,0.892686
2020-10-01,UGO OCHA (JONES CREEK),652908.0,0.652908
2020-11-01,UGO OCHA (JONES CREEK),428934.0,0.428934
2020-12-01,UGO OCHA (JONES CREEK),23279.0,0.023279
2021-01-01,UGO OCHA (JONES CREEK),613811.0,0.613811
2021-02-01,UGO OCHA (JONES CREEK),693089.0,0.693089
2021-03-01,UGO OCHA (JONES CREEK),888644.0,0.888644
2021-04-01,UGO OCHA (JONES CREEK),719278.0,0.719278
2021-05-01,UGO OCHA (JONES CREEK),515404.0,0.515404
2021-06-01,UGO OCHA (JONES CREEK),735024.0,0.735024
2021-07-01,UGO OCHA (JONES CREEK),873234.0,0.873234
2021-08-01,UGO OCHA (JONES CREEK),528959.0,0.528959
2021-09-01,UGO OCHA (JONES CREEK),538525.0,0.538525
2021-10-01,UGO OCHA (JONES CREEK),778548.0,0.778548
2021-11-01,UGO OCHA (JONES CREEK),665195.0,0.665195
2021-12-01,UGO OCHA (JONES CREEK),634542.0,0.634542
2022-01-01,UGO OCHA (JONES CREEK),690686.0,0.690686
2022-02-01,UGO OCHA (JONES CREEK),389191.0,0.389191
2022-03-01,UGO OCHA (JONES CREEK),363870.0,0.36387
2022-04-01,UGO OCHA (JONES CREEK),175435.0,0.175435
2022-05-01,UGO OCHA (JONES CREEK),408271.0,0.408271
2022-06-01,UGO OCHA (JONES CREEK),728115.0,0.728115
2022-07-01,UGO OCHA (JONES CREEK),730011.0,0.730011
2022-08-01,UGO OCHA (JONES CREEK),799696.0,0.799696
2022-09-01,UGO OCHA (JONES CREEK),540801.0,0.540801
2022-10-01,UGO OCHA (JONES CREEK),22277.0,0.022277
2022-11-01,UGO OCHA (JONES CREEK),619431.0,0.619431
2022-12-01,UGO OCHA (JONES CREEK),780305.0,0.780305
2023-01-01,UGO OCHA (JONES CREEK),599676.0,0.599676
2023-02-01,UGO OCHA (JONES CREEK),711966.0,0.711966
2023-03-01,UGO OCHA (JONES CREEK),638087.0,0.638087
2023-04-01,UGO OCHA (JONES CREEK),44733.0,0.044733
2023-06-01,UGO OCHA (JONES CREEK),262718.0,0.262718
2023-07-01,UGO OCHA (JONES CREEK),624645.0,0.624645
2023-08-01,UGO OCHA (JONES CREEK),295349.0,0.295349
2023-09-01,UGO OCHA (JONES CREEK),183495.0,0.183495
2023-10-01,UGO OCHA (JONES CREEK),307280.0,0.30728
2023-11-01,UGO OCHA (JONES CREEK),267634.0,0.267634
2023-12-01,UGO OCHA (JONES CREEK),339381.0,0.339381
2024-01-01,UGO OCHA (JONES CREEK),467367.0,0.467367
2024-02-01,UGO OCHA (JONES CREEK),533442.0,0.533442
2024-03-01,UGO OCHA (JONES CREEK),564986.0,0.564986
2024-04-01,UGO OCHA (JONES CREEK),464594.0,0.464594
2024-05-01,UGO OCHA (JONES CREEK),621051.0,0.621051
2024-06-01,UGO OCHA (JONES CREEK),326791.0,0.326791
2024-07-01,UGO OCHA (JONES CREEK),663563.0,0.663563
2024-08-01,UGO OCHA (JONES CREEK),556608.0,0.556608
2024-09-01,UGO OCHA (JONES CREEK),257885.0,0.257885
2024-10-01,UGO OCHA (JONES CREEK),78216.0,0.078216
2024-11-01,UGO OCHA (JONES CREEK),235179.0,0.235179
2024-12-01,UGO OCHA (JONES CREEK),548101.0,0.548101
2025-01-01,UGO OCHA (JONES CREEK),466560.0,0.46656
2025-02-01,UGO OCHA (JONES CREEK),475847.0,0.475847
2025-03-01,UGO OCHA (JONES CREEK),656192.0,0.656192
2025-04-01,UGO OCHA (JONES CREEK),481783.0,0.481783
2025-05-01,UGO OCHA (JONES CREEK),866982.0,0.866982
2025-06-01,UGO OCHA (JONES CREEK),967395.0,0.967395
2025-07-01,UGO OCHA (JONES CREEK),895330.0,0.89533
2025-08-01,UGO OCHA (JONES CREEK),865518.0,0.865518
2025-09-01,UGO OCHA (JONES CREEK),835070.0,0.83507
2025-10-01,UGO OCHA (JONES CREEK),939477.0,0.939477
2025-11-01,UGO OCHA (JONES CREEK),988679.0,0.988679
2025-12-01,UGO OCHA (JONES CREEK),1175701.0,1.175701
2026-01-01,UGO OCHA (JONES CREEK),1077746.0,1.077746
2026-02-01,UGO OCHA (JONES CREEK),1034593.0,1.034593
2026-03-01,UGO OCHA (JONES CREEK),960989.0,0.960989
2026-04-01,UGO OCHA (JONES CREEK),1012352.0,1.012352
2020-01-01,USAN,1754518.0,1.754518
2020-02-01,USAN,1453445.0,1.453445
2020-03-01,USAN,1463576.0,1.463576
2020-04-01,USAN,1484729.0,1.484729
2020-05-01,USAN,1055659.0,1.055659
2020-06-01,USAN,1095532.0,1.095532
2020-07-01,USAN,1231674.0,1.231674
2020-08-01,USAN,953911.0,0.953911
2020-09-01,USAN,991788.0,0.991788
2020-10-01,USAN,952855.0,0.952855
2020-11-01,USAN,551618.0,0.551618
2020-12-01,USAN,623003.0,0.623003
2021-01-01,USAN,1211073.0,1.211073
2021-02-01,USAN,1063553.0,1.063553
2021-03-01,USAN,1458393.0,1.458393
2021-04-01,USAN,1314181.0,1.314181
2021-05-01,USAN,744282.0,0.744282
2021-06-01,USAN,871108.0,0.871108
2021-07-01,USAN,1263114.0,1.263114
2021-08-01,USAN,1512998.0,1.512998
2021-09-01,USAN,1502578.0,1.502578
2021-10-01,USAN,1602276.0,1.602276
2021-11-01,USAN,1551223.0,1.551223
2021-12-01,USAN,1549492.0,1.549492
2022-01-01,USAN,1412828.0,1.412828
2022-02-01,USAN,1381765.0,1.381765
2022-03-01,USAN,1528752.0,1.528752
2022-04-01,USAN,1277035.0,1.277035
2022-05-01,USAN,1363408.0,1.363408
2022-06-01,USAN,1373597.0,1.373597
2022-07-01,USAN,1426818.0,1.426818
2022-08-01,USAN,1420202.0,1.420202
2022-09-01,USAN,1274147.0,1.274147
2022-10-01,USAN,1389980.0,1.38998
2022-11-01,USAN,1278751.0,1.278751
2022-12-01,USAN,1310369.0,1.310369
2023-01-01,USAN,1259290.0,1.25929
2023-02-01,USAN,1114211.0,1.114211
2023-03-01,USAN,1228176.0,1.228176
2023-04-01,USAN,747823.0,0.747823
2023-05-01,USAN,147550.0,0.14755
2023-06-01,USAN,812378.0,0.812378
2023-07-01,USAN,916284.0,0.916284
2023-08-01,USAN,748200.0,0.7482
2023-09-01,USAN,1192579.0,1.192579
2023-10-01,USAN,1564648.0,1.564648
2023-11-01,USAN,1549061.0,1.549061
2023-12-01,USAN,1126264.0,1.126264
2024-01-01,USAN,1194927.0,1.194927
2024-02-01,USAN,953323.0,0.953323
2024-03-01,USAN,801207.0,0.801207
2024-04-01,USAN,710433.0,0.710433
2024-05-01,USAN,730909.0,0.730909
2024-06-01,USAN,655874.0,0.655874
2024-07-01,USAN,700446.0,0.700446
2024-08-01,USAN,688354.0,0.688354
2024-09-01,USAN,618230.0,0.61823
2024-10-01,USAN,662568.0,0.662568
2024-11-01,USAN,608208.0,0.608208
2024-12-01,USAN,1151063.0,1.151063
2025-01-01,USAN,1009371.0,1.009371
2025-02-01,USAN,1095734.0,1.095734
2025-03-01,USAN,896037.0,0.896037
2025-04-01,USAN,1051648.0,1.051648
2025-05-01,USAN,1054246.0,1.054246
2025-06-01,USAN,1048737.0,1.048737
2025-07-01,USAN,841578.0,0.841578
2025-08-01,USAN,848681.0,0.848681
2025-09-01,USAN,655744.0,0.655744
2025-10-01,USAN,185463.0,0.185463
2025-11-01,USAN,715920.0,0.71592
2025-12-01,USAN,772998.0,0.772998
2026-01-01,USAN,1040871.0,1.040871
2026-02-01,USAN,1016988.0,1.016988
2026-03-01,USAN,1080185.0,1.080185
2026-04-01,USAN,928616.0,0.928616
2024-01-01,UTAPATE,20403.0,0.020403
2024-02-01,UTAPATE,20328.0,0.020328
2024-03-01,UTAPATE,21835.0,0.021835
2024-04-01,UTAPATE,17093.0,0.017093
2024-05-01,UTAPATE,309434.0,0.309434
2024-06-01,UTAPATE,567302.0,0.567302
2024-07-01,UTAPATE,754222.0,0.754222
2024-08-01,UTAPATE,996070.0,0.99607
2024-09-01,UTAPATE,1153954.0,1.153954
2024-10-01,UTAPATE,1226067.0,1.226067
2024-11-01,UTAPATE,1155235.0,1.155235
2024-12-01,UTAPATE,1220162.0,1.220162
2025-01-01,UTAPATE,1299239.0,1.299239
2025-02-01,UTAPATE,1189559.0,1.189559
2025-03-01,UTAPATE,1226151.0,1.226151
2025-04-01,UTAPATE,1155357.0,1.155357
2025-05-01,UTAPATE,1297440.0,1.29744
2025-06-01,UTAPATE,1250688.0,1.250688
2025-07-01,UTAPATE,1197164.0,1.197164
2025-08-01,UTAPATE,1305569.0,1.305569
2025-09-01,UTAPATE,1471004.0,1.471004
2025-10-01,UTAPATE,1421550.0,1.42155
2025-11-01,UTAPATE,1490367.0,1.490367
2025-12-01,UTAPATE,1522716.0,1.522716
2026-01-01,UTAPATE,1710912.0,1.710912
2026-02-01,UTAPATE,1623145.0,1.623145
2026-03-01,UTAPATE,1798773.0,1.798773
2026-04-01,UTAPATE,1778785.0,1.778785
2020-01-01,YOHO,1069312.0,1.069312
2020-02-01,YOHO,451608.0,0.451608
2020-03-01,YOHO,1177413.0,1.177413
2020-04-01,YOHO,763697.0,0.763697
2020-05-01,YOHO,759586.0,0.759586
2020-06-01,YOHO,785953.0,0.785953
2020-07-01,YOHO,825570.0,0.82557
2020-08-01,YOHO,690111.0,0.690111
2020-09-01,YOHO,681321.0,0.681321
2020-10-01,YOHO,674773.0,0.674773
2020-11-01,YOHO,827735.0,0.827735
2020-12-01,YOHO,494251.0,0.494251
2021-01-01,YOHO,337694.0,0.337694
2021-02-01,YOHO,921809.0,0.921809
2021-03-01,YOHO,708319.0,0.708319
2021-04-01,YOHO,769407.0,0.769407
2021-05-01,YOHO,877631.0,0.877631
2021-06-01,YOHO,807960.0,0.80796
2021-07-01,YOHO,964070.0,0.96407
2021-08-01,YOHO,971101.0,0.971101
2021-09-01,YOHO,902537.0,0.902537
2021-10-01,YOHO,870903.0,0.870903
2021-11-01,YOHO,1103010.0,1.10301
2021-12-01,YOHO,773799.0,0.773799
2022-01-01,YOHO,790934.0,0.790934
2022-02-01,YOHO,514210.0,0.51421
2022-03-01,YOHO,773054.0,0.773054
2022-04-01,YOHO,847262.0,0.847262
2022-05-01,YOHO,827883.0,0.827883
2022-06-01,YOHO,676028.0,0.676028
2022-07-01,YOHO,1067443.0,1.067443
2022-08-01,YOHO,970559.0,0.970559
2022-09-01,YOHO,867274.0,0.867274
2022-10-01,YOHO,1052868.0,1.052868
2022-11-01,YOHO,900264.0,0.900264
2022-12-01,YOHO,994893.0,0.994893
2023-01-01,YOHO,1058445.0,1.058445
2023-02-01,YOHO,705750.0,0.70575
2023-03-01,YOHO,1043672.0,1.043672
2023-04-01,YOHO,570671.0,0.570671
2023-05-01,YOHO,1190599.0,1.190599
2023-06-01,YOHO,965279.0,0.965279
2023-07-01,YOHO,957366.0,0.957366
2023-08-01,YOHO,901163.0,0.901163
2023-09-01,YOHO,926264.0,0.926264
2023-10-01,YOHO,838206.0,0.838206
2023-11-01,YOHO,764780.0,0.76478
2023-12-01,YOHO,817178.0,0.817178
2024-01-01,YOHO,763905.0,0.763905
2024-02-01,YOHO,605028.0,0.605028
2024-03-01,YOHO,613540.0,0.61354
2024-04-01,YOHO,797326.0,0.797326
2024-05-01,YOHO,875500.0,0.8755
2024-06-01,YOHO,718128.0,0.718128
2024-07-01,YOHO,838774.0,0.838774
2024-08-01,YOHO,774906.0,0.774906
2024-09-01,YOHO,612841.0,0.612841
2024-10-01,YOHO,895104.0,0.895104
2024-11-01,YOHO,835791.0,0.835791
2024-12-01,YOHO,816215.0,0.816215
2025-01-01,YOHO,841110.0,0.84111
2025-02-01,YOHO,735301.0,0.735301
2025-03-01,YOHO,812328.0,0.812328
2025-04-01,YOHO,806886.0,0.806886
2025-05-01,YOHO,732578.0,0.732578
2025-06-01,YOHO,783002.0,0.783002
2025-07-01,YOHO,808663.0,0.808663
2025-08-01,YOHO,803395.0,0.803395
2025-09-01,YOHO,645913.0,0.645913
2026-01-01,YOHO,3695.0,0.003695
